file_size,free_block_ratio,external_fragmentation,internal_fragmentation,avg_seek_distance,creation_rate,deletion_rate,disk_utilization,best_strategy
5.615234375,1.0,0.0,0.0,0.0,0.0,0.0,0.0,Contiguous
2.458984375,1.0,0.0,0.0,0.0,0.5,0.5,0.0,Contiguous
5.9130859375,1.0,0.0,0.0,0.0,0.5,0.5,0.0,Contiguous
4.8623046875,0.94,0.0,0.014485677083333334,0.0,0.6,0.4,0.06,Contiguous
0.75390625,0.94,0.0,0.014485677083333334,0.00857142857142857,0.5714285714285714,0.42857142857142855,0.06,Contiguous
2.3603515625,0.99,0.06060606060606055,0.24609375,0.013333333333333332,0.5555555555555556,0.4444444444444444,0.01,Indexed
0.7119140625,0.95,0.021052631578947323,0.3771484375,0.012,0.6,0.4,0.05,Indexed
6.2275390625,0.93,0.0,0.45340401785714285,0.014545454545454545,0.6363636363636364,0.36363636363636365,0.07,Contiguous
4.859375,0.86,0.0,0.28187779017857145,0.01583333333333333,0.6666666666666666,0.3333333333333333,0.14,Contiguous
4.0927734375,0.81,0.0,0.21510074013157895,0.02,0.6923076923076923,0.3076923076923077,0.19,Contiguous
6.974609375,0.76,0.0,0.20808919270833334,0.022142857142857145,0.7142857142857143,0.2857142857142857,0.24,Contiguous
6.5703125,0.69,0.0,0.1619203629032258,0.024,0.7333333333333333,0.26666666666666666,0.31,Contiguous
6.0849609375,0.62,0.0,0.14340049342105263,0.026875,0.75,0.25,0.38,Contiguous
2.72265625,0.55,0.0,0.1414279513888889,0.029411764705882356,0.7647058823529411,0.23529411764705882,0.45,Contiguous
1.3173828125,0.57,0.08771929824561409,0.13335755813953487,0.04368421052631579,0.7368421052631579,0.2631578947368421,0.43,Indexed
3.37109375,0.58,0.10344827586206895,0.13755580357142858,0.04857142857142857,0.7142857142857143,0.2857142857142857,0.42,Indexed
5.3291015625,0.53,0.018867924528301883,0.15757978723404256,0.046363636363636364,0.7272727272727273,0.2727272727272727,0.47,Linked
6.3369140625,0.48,0.02083333333333337,0.15059720552884615,0.05916666666666667,0.7083333333333334,0.2916666666666667,0.52,Linked
1.498046875,0.41,0.0,0.14396848516949154,0.056799999999999996,0.72,0.28,0.59,Contiguous
3.52734375,0.39,0.0,0.14747694672131148,0.075,0.7307692307692307,0.2692307692307692,0.61,Contiguous
7.134765625,0.42,0.16666666666666663,0.15584590517241378,0.08107142857142857,0.7142857142857143,0.2857142857142857,0.58,Linked
7.5830078125,0.34,0.0,0.15006510416666666,0.07827586206896552,0.7241379310344828,0.27586206896551724,0.66,Contiguous
5.1181640625,0.26,0.0,0.13947687922297297,0.08733333333333332,0.7333333333333333,0.26666666666666666,0.74,Contiguous
0.8662109375,0.27,0.2592592592592593,0.14288580907534246,0.1053125,0.71875,0.28125,0.73,Indexed
6.68359375,0.25,0.19999999999999996,0.15419270833333334,0.10212121212121213,0.7272727272727273,0.2727272727272727,0.75,Linked
7.341796875,0.25,0.28,0.15807291666666667,0.10114285714285715,0.7142857142857143,0.2857142857142857,0.75,Linked
3.5400390625,0.2,0.15000000000000002,0.1529541015625,0.10135135135135136,0.7027027027027027,0.2972972972972973,0.8,Linked
1.80078125,0.22,0.2727272727272727,0.15146734775641027,0.1035897435897436,0.6923076923076923,0.3076923076923077,0.78,Indexed
2.17578125,0.19,0.1578947368421053,0.16066261574074073,0.10099999999999999,0.7,0.3,0.81,Contiguous
6.1142578125,0.16,0.0,0.16473679315476192,0.09926829268292683,0.7073170731707317,0.2926829268292683,0.84,Contiguous
5.68359375,0.09,0.0,0.16179816277472528,0.09857142857142857,0.7142857142857143,0.2857142857142857,0.91,Contiguous
4.7724609375,0.09,0.4444444444444444,0.15790264423076922,0.11113636363636363,0.7045454545454546,0.29545454545454547,0.91,Indexed
1.806640625,0.03,0.0,0.16079051224226804,0.10866666666666668,0.7111111111111111,0.28888888888888886,0.97,Contiguous
2.6591796875,0.01,0.0,0.15949534406565657,0.1223913043478261,0.717391304347826,0.2826086956521739,0.99,Contiguous
5.619140625,0.01,0.0,0.15949534406565657,0.1223913043478261,0.717391304347826,0.2826086956521739,0.99,Contiguous
2.2568359375,0.01,0.0,0.15949534406565657,0.1223913043478261,0.717391304347826,0.2826086956521739,0.99,Contiguous
7.2421875,0.01,0.0,0.15949534406565657,0.1223913043478261,0.717391304347826,0.2826086956521739,0.99,Contiguous
0.947265625,0.01,0.0,0.15949534406565657,0.1223913043478261,0.717391304347826,0.2826086956521739,0.99,Contiguous
6.939453125,0.05,0.0,0.16528577302631578,0.13541666666666666,0.7083333333333334,0.2916666666666667,0.95,Contiguous
2.6416015625,0.05,0.0,0.16528577302631578,0.13541666666666666,0.7083333333333334,0.2916666666666667,0.95,Contiguous
7.5107421875,0.04,0.5,0.165283203125,0.1466,0.7,0.3,0.96,Contiguous
2.2001953125,0.04,0.5,0.165283203125,0.1466,0.7,0.3,0.96,Linked
3.6650390625,0.01,0.0,0.16835345643939395,0.15941176470588236,0.7,0.3,0.99,Contiguous
5.642578125,0.01,0.0,0.16835345643939395,0.15941176470588236,0.7,0.3,0.99,Contiguous
2.6181640625,0.01,0.0,0.16835345643939395,0.15941176470588236,0.7,0.3,0.99,Contiguous
4.8115234375,0.07,0.2857142857142857,0.166015625,0.1575,0.7,0.3,0.93,Indexed
3.9267578125,0.04,0.25,0.16947428385416666,0.15333333333333335,0.7,0.3,0.96,Linked
3.6943359375,0.0,0.0,0.163427734375,0.15054545454545454,0.7,0.3,1.0,Contiguous
1.6064453125,0.0,0.0,0.163427734375,0.15054545454545454,0.7,0.3,1.0,Contiguous
1.2265625,0.0,0.0,0.163427734375,0.15054545454545454,0.7,0.3,1.0,Contiguous
7.388671875,0.0,0.0,0.163427734375,0.15054545454545454,0.7,0.3,1.0,Contiguous
1.779296875,0.04,0.25,0.16947428385416666,0.14785714285714285,0.68,0.32,0.96,Indexed
3.876953125,0.01,0.0,0.1766690340909091,0.14526315789473684,0.7,0.3,0.99,Contiguous
3.578125,0.01,0.0,0.1766690340909091,0.14526315789473684,0.7,0.3,0.99,Contiguous
4.244140625,0.01,0.0,0.1766690340909091,0.14526315789473684,0.7,0.3,0.99,Contiguous
4.92578125,0.01,0.0,0.1766690340909091,0.14526315789473684,0.7,0.3,0.99,Contiguous
0.591796875,0.01,0.0,0.1766690340909091,0.14526315789473684,0.7,0.3,0.99,Contiguous
1.416015625,0.0,0.0,0.178984375,0.15724137931034482,0.7,0.3,1.0,Contiguous
4.794921875,0.0,0.0,0.178984375,0.15724137931034482,0.7,0.3,1.0,Contiguous
6.6484375,0.0,0.0,0.178984375,0.15724137931034482,0.7,0.3,1.0,Contiguous
1.3916015625,0.0,0.0,0.178984375,0.15724137931034482,0.7,0.3,1.0,Contiguous
4.12890625,0.02,0.0,0.17751514668367346,0.1611864406779661,0.7,0.3,0.98,Contiguous
4.50390625,0.04,0.5,0.169403076171875,0.16716666666666666,0.68,0.32,0.96,Contiguous
4.560546875,0.04,0.5,0.169403076171875,0.16716666666666666,0.68,0.32,0.96,Contiguous
7.4638671875,0.04,0.5,0.169403076171875,0.16716666666666666,0.68,0.32,0.96,Contiguous
7.232421875,0.04,0.5,0.169403076171875,0.16716666666666666,0.68,0.32,0.96,Contiguous
5.37109375,0.04,0.5,0.169403076171875,0.16716666666666666,0.68,0.32,0.96,Contiguous
6.599609375,0.07,0.5714285714285714,0.16197286626344087,0.17540983606557375,0.66,0.34,0.93,Linked
7.84765625,0.06,0.16666666666666663,0.15186585771276595,0.183015873015873,0.64,0.36,0.94,Contiguous
4.408203125,0.1,0.19999999999999996,0.15350477430555556,0.18359375,0.62,0.38,0.9,Linked
7.529296875,0.12,0.33333333333333337,0.1536532315340909,0.1906060606060606,0.6,0.4,0.88,Contiguous
6.9541015625,0.04,0.0,0.145751953125,0.18791044776119403,0.6,0.4,0.96,Contiguous
0.962890625,0.04,0.0,0.145751953125,0.18791044776119403,0.6,0.4,0.96,Contiguous
1.1298828125,0.11,0.2727272727272727,0.15234375,0.19231884057971016,0.6,0.4,0.89,Indexed
7.02734375,0.09,0.11111111111111116,0.1650605254120879,0.19830985915492957,0.6,0.4,0.91,Contiguous
6.6259765625,0.02,0.5,0.16281688456632654,0.19958904109589043,0.58,0.42,0.98,Contiguous
4.8974609375,0.09,0.6666666666666667,0.17094136332417584,0.20256756756756758,0.58,0.42,0.91,Linked
7.478515625,0.07,0.5714285714285714,0.1482589885752688,0.20289473684210527,0.56,0.44,0.93,Contiguous
2.1943359375,0.07,0.5714285714285714,0.1482589885752688,0.20289473684210527,0.56,0.44,0.93,Contiguous
6.5419921875,0.04,0.25,0.15201822916666666,0.20025974025974025,0.56,0.44,0.96,Contiguous
2.1083984375,0.04,0.25,0.15201822916666666,0.20025974025974025,0.56,0.44,0.96,Contiguous
3.69140625,0.01,0.0,0.15641769255050506,0.20076923076923076,0.58,0.42,0.99,Contiguous
5.6982421875,0.01,0.0,0.15641769255050506,0.20076923076923076,0.58,0.42,0.99,Contiguous
7.6962890625,0.01,0.0,0.15641769255050506,0.20076923076923076,0.58,0.42,0.99,Contiguous
1.4677734375,0.01,0.0,0.15641769255050506,0.20076923076923076,0.58,0.42,0.99,Contiguous
3.2041015625,0.04,0.25,0.14377848307291666,0.20518987341772152,0.56,0.44,0.96,Linked
2.3408203125,0.03,0.0,0.14219555412371135,0.20395061728395064,0.54,0.46,0.97,Contiguous
0.556640625,0.0,0.0,0.144521484375,0.20146341463414633,0.56,0.44,1.0,Contiguous
2.3310546875,0.07,0.0,0.14556031586021506,0.2004819277108434,0.54,0.46,0.93,Contiguous
7.376953125,0.09,0.5555555555555556,0.1382104223901099,0.20023529411764707,0.54,0.46,0.91,Linked
4.6123046875,0.01,0.0,0.13333530618686867,0.19790697674418606,0.54,0.46,0.99,Contiguous
2.2138671875,0.04,0.25,0.12821451822916666,0.20413793103448277,0.54,0.46,0.96,Contiguous
6.2861328125,0.01,0.0,0.1322699652777778,0.20181818181818184,0.54,0.46,0.99,Contiguous
5.0673828125,0.01,0.0,0.1322699652777778,0.20181818181818184,0.54,0.46,0.99,Contiguous
2.443359375,0.01,0.0,0.1322699652777778,0.20181818181818184,0.54,0.46,0.99,Contiguous
6.9599609375,0.01,0.0,0.1322699652777778,0.20181818181818184,0.54,0.46,0.99,Contiguous
1.25390625,0.01,0.0,0.1322699652777778,0.20181818181818184,0.54,0.46,0.99,Contiguous
3.333984375,0.09,0.11111111111111116,0.13320956387362637,0.200561797752809,0.54,0.46,0.91,Linked
4.2353515625,0.05,0.0,0.13461143092105263,0.20266666666666666,0.54,0.46,0.95,Contiguous
0.9326171875,0.0,0.0,0.13552734375,0.20505494505494506,0.54,0.46,1.0,Contiguous
5.6689453125,0.0,0.0,0.13552734375,0.20505494505494506,0.54,0.46,1.0,Contiguous
6.3251953125,0.05,0.19999999999999996,0.13643092105263158,0.20967391304347824,0.52,0.48,0.95,Contiguous
7.392578125,0.05,0.19999999999999996,0.13643092105263158,0.20967391304347824,0.52,0.48,0.95,Contiguous
2.021484375,0.13,0.3846153846153846,0.14141073994252873,0.20752688172043013,0.5,0.5,0.87,Contiguous
1.62109375,0.1,0.5,0.14756944444444445,0.2054255319148936,0.52,0.48,0.9,Indexed
2.7275390625,0.07,0.4285714285714286,0.1576360887096774,0.20357894736842105,0.52,0.48,0.93,Linked
7.4951171875,0.04,0.25,0.155548095703125,0.20177083333333332,0.52,0.48,0.96,Contiguous
4.044921875,0.04,0.25,0.155548095703125,0.20177083333333332,0.52,0.48,0.96,Contiguous
7.34765625,0.04,0.25,0.155548095703125,0.20177083333333332,0.52,0.48,0.96,Contiguous
0.904296875,0.04,0.25,0.155548095703125,0.20177083333333332,0.52,0.48,0.96,Contiguous
4.82421875,0.03,0.33333333333333337,0.15493113724226804,0.20144329896907215,0.52,0.48,0.97,Contiguous
1.24609375,0.03,0.33333333333333337,0.15493113724226804,0.20144329896907215,0.52,0.48,0.97,Contiguous
7.2890625,0.01,0.0,0.15941642992424243,0.19948979591836735,0.54,0.46,0.99,Contiguous
4.384765625,0.04,0.25,0.15753173828125,0.19777777777777777,0.52,0.48,0.96,Contiguous
7.4169921875,0.04,0.25,0.15753173828125,0.19777777777777777,0.52,0.48,0.96,Contiguous
0.96875,0.04,0.25,0.15753173828125,0.19777777777777777,0.52,0.48,0.96,Contiguous
3.623046875,0.05,0.6,0.14596011513157894,0.19841584158415843,0.52,0.48,0.95,Linked
2.78125,0.04,0.25,0.14017740885416666,0.2013592233009709,0.52,0.48,0.96,Contiguous
6.34375,0.01,0.0,0.13813920454545456,0.19942307692307693,0.54,0.46,0.99,Contiguous
4.9453125,0.01,0.0,0.13813920454545456,0.19942307692307693,0.54,0.46,0.99,Contiguous
4.392578125,0.01,0.0,0.13813920454545456,0.19942307692307693,0.54,0.46,0.99,Contiguous
2.2412109375,0.04,0.25,0.12974039713541666,0.20323809523809522,0.52,0.48,0.96,Contiguous
5.1328125,0.01,0.0,0.13347340593434343,0.20132075471698113,0.54,0.46,0.99,Contiguous
0.9873046875,0.01,0.0,0.13347340593434343,0.20132075471698113,0.54,0.46,0.99,Contiguous
0.95703125,0.0,0.0,0.132265625,0.20579439252336448,0.54,0.46,1.0,Contiguous
4.5224609375,0.03,0.0,0.12626852448453607,0.20935185185185187,0.52,0.48,0.97,Contiguous
4.748046875,0.03,0.0,0.12626852448453607,0.20935185185185187,0.52,0.48,0.97,Contiguous
1.140625,0.06,0.5,0.12739985039893617,0.20798165137614677,0.52,0.48,0.94,Indexed
1.0478515625,0.03,0.33333333333333337,0.14262846327319587,0.20663636363636365,0.54,0.46,0.97,Contiguous
5.9013671875,0.01,0.0,0.14936474116161616,0.2053153153153153,0.56,0.44,0.99,Contiguous
3.7294921875,0.01,0.0,0.14936474116161616,0.2053153153153153,0.56,0.44,0.99,Contiguous
2.46875,0.02,0.5,0.15056999362244897,0.20535714285714285,0.54,0.46,0.98,Contiguous
0.8173828125,0.02,0.5,0.15056999362244897,0.20535714285714285,0.54,0.46,0.98,Contiguous
3.853515625,0.01,0.0,0.15089370265151514,0.20398230088495578,0.56,0.44,0.99,Contiguous
5.021484375,0.01,0.0,0.15089370265151514,0.20398230088495578,0.56,0.44,0.99,Contiguous
7.9775390625,0.01,0.0,0.15089370265151514,0.20398230088495578,0.56,0.44,0.99,Contiguous
6.2294921875,0.02,0.5,0.15230389030612246,0.2054385964912281,0.56,0.44,0.98,Contiguous
2.6240234375,0.02,0.5,0.15230389030612246,0.2054385964912281,0.56,0.44,0.98,Contiguous
5.873046875,0.02,0.5,0.15230389030612246,0.2054385964912281,0.56,0.44,0.98,Contiguous
4.1572265625,0.02,0.5,0.15230389030612246,0.2054385964912281,0.56,0.44,0.98,Contiguous
6.5146484375,0.02,0.5,0.15230389030612246,0.2054385964912281,0.56,0.44,0.98,Contiguous
0.57421875,0.02,0.5,0.15230389030612246,0.2054385964912281,0.56,0.44,0.98,Contiguous
5.00390625,0.01,0.0,0.15506628787878787,0.20643478260869563,0.56,0.44,0.99,Contiguous
1.0859375,0.01,0.0,0.15506628787878787,0.20643478260869563,0.56,0.44,0.99,Contiguous
4.546875,0.01,0.0,0.15506628787878787,0.20643478260869563,0.56,0.44,0.99,Contiguous
7.546875,0.04,0.25,0.15294392903645834,0.2056896551724138,0.56,0.44,0.96,Contiguous
3.4560546875,0.05,0.4,0.15399876644736843,0.20914529914529914,0.54,0.46,0.95,Linked
7.169921875,0.02,0.5,0.15385841836734693,0.2114285714285714,0.54,0.46,0.98,Contiguous
2.919921875,0.02,0.5,0.15385841836734693,0.2114285714285714,0.54,0.46,0.98,Contiguous
6.9560546875,0.02,0.5,0.15385841836734693,0.2114285714285714,0.54,0.46,0.98,Contiguous
0.5625,0.02,0.5,0.15385841836734693,0.2114285714285714,0.54,0.46,0.98,Contiguous
4.9365234375,0.01,0.0,0.15672348484848486,0.20966666666666664,0.54,0.46,0.99,Contiguous
1.328125,0.02,0.5,0.15397799744897958,0.20826446280991737,0.54,0.46,0.98,Linked
1.57421875,0.0,0.0,0.1576171875,0.2065573770491803,0.54,0.46,1.0,Contiguous
6.4384765625,0.08,0.0,0.16679050611413043,0.20617886178861788,0.54,0.46,0.92,Contiguous
2.6787109375,0.01,0.0,0.1606691919191919,0.20451612903225808,0.56,0.44,0.99,Contiguous
6.240234375,0.04,0.5,0.15735880533854166,0.20679999999999998,0.54,0.46,0.96,Contiguous
5.9990234375,0.04,0.5,0.15735880533854166,0.20679999999999998,0.54,0.46,0.96,Contiguous
2.611328125,0.04,0.5,0.15735880533854166,0.20679999999999998,0.54,0.46,0.96,Linked
2.5087890625,0.01,0.0,0.15651633522727273,0.20515873015873015,0.56,0.44,0.99,Contiguous
7.2685546875,0.01,0.0,0.15651633522727273,0.20515873015873015,0.56,0.44,0.99,Contiguous
3.8876953125,0.02,0.5,0.1536491549744898,0.2058267716535433,0.54,0.46,0.98,Contiguous
0.8525390625,0.02,0.5,0.1536491549744898,0.2058267716535433,0.54,0.46,0.98,Contiguous
5.5966796875,0.04,0.25,0.14980061848958334,0.20503875968992247,0.54,0.46,0.96,Contiguous
1.7919921875,0.04,0.25,0.14980061848958334,0.20503875968992247,0.54,0.46,0.96,Indexed
4.9130859375,0.01,0.0,0.15746330492424243,0.20346153846153847,0.54,0.46,0.99,Contiguous
4.986328125,0.01,0.0,0.15746330492424243,0.20346153846153847,0.54,0.46,0.99,Contiguous
7.564453125,0.09,0.2222222222222222,0.16179816277472528,0.20541984732824428,0.54,0.46,0.91,Linked
1.6923828125,0.01,0.0,0.15312302714646464,0.20386363636363636,0.54,0.46,0.99,Contiguous
7.1767578125,0.01,0.0,0.15312302714646464,0.20386363636363636,0.54,0.46,0.99,Contiguous
4.919921875,0.01,0.0,0.15312302714646464,0.20386363636363636,0.54,0.46,0.99,Contiguous
0.833984375,0.06,0.6666666666666667,0.16017702792553193,0.20413533834586467,0.54,0.46,0.94,Indexed
7.69140625,0.04,0.5,0.16898600260416666,0.20261194029850746,0.54,0.46,0.96,Contiguous
7.384765625,0.04,0.5,0.16898600260416666,0.20261194029850746,0.54,0.46,0.96,Contiguous
2.1796875,0.07,0.5714285714285714,0.17208501344086022,0.20607407407407408,0.54,0.46,0.93,Linked
5.8349609375,0.04,0.25,0.17525227864583334,0.20639705882352943,0.54,0.46,0.96,Contiguous
7.572265625,0.11,0.36363636363636365,0.1827269136235955,0.20613138686131385,0.54,0.46,0.89,Linked
5.46484375,0.03,0.33333333333333337,0.17206628543814434,0.20463768115942027,0.54,0.46,0.97,Contiguous
7.9052734375,0.03,0.33333333333333337,0.17206628543814434,0.20463768115942027,0.54,0.46,0.97,Contiguous
7.416015625,0.03,0.33333333333333337,0.17206628543814434,0.20463768115942027,0.54,0.46,0.97,Contiguous
7.55078125,0.11,0.6363636363636364,0.1805323911516854,0.2079136690647482,0.54,0.46,0.89,Linked
1.9345703125,0.03,0.33333333333333337,0.17027424291237114,0.20642857142857143,0.54,0.46,0.97,Contiguous
3.1572265625,0.01,0.0,0.16749526515151514,0.2102836879432624,0.54,0.46,0.99,Contiguous
3.79296875,0.01,0.0,0.16749526515151514,0.2102836879432624,0.54,0.46,0.99,Contiguous
7.412109375,0.01,0.0,0.16749526515151514,0.2102836879432624,0.54,0.46,0.99,Contiguous
2.484375,0.01,0.0,0.16749526515151514,0.2102836879432624,0.54,0.46,0.99,Contiguous
1.3642578125,0.09,0.2222222222222222,0.17751974587912087,0.20943661971830985,0.54,0.46,0.91,Contiguous
0.8095703125,0.07,0.2857142857142857,0.18053805443548387,0.20797202797202796,0.56,0.44,0.93,Contiguous
2.279296875,0.06,0.33333333333333337,0.18064328457446807,0.20666666666666667,0.56,0.44,0.94,Indexed
3.296875,0.06,0.5,0.1931619847074468,0.20602739726027397,0.54,0.46,0.94,Indexed
6.8623046875,0.01,0.0,0.20060961174242425,0.20462585034013606,0.54,0.46,0.99,Contiguous
2.283203125,0.01,0.0,0.20060961174242425,0.20462585034013606,0.54,0.46,0.99,Contiguous
3.6875,0.06,0.16666666666666663,0.20314577792553193,0.2064864864864865,0.52,0.48,0.94,Indexed
7.4140625,0.01,0.0,0.2061434659090909,0.2051006711409396,0.54,0.46,0.99,Contiguous
2.732421875,0.05,0.19999999999999996,0.19671052631578947,0.20486666666666667,0.52,0.48,0.95,Indexed
4.5751953125,0.01,0.0,0.20156644570707072,0.20350993377483445,0.54,0.46,0.99,Contiguous
7.2490234375,0.01,0.0,0.20156644570707072,0.20350993377483445,0.54,0.46,0.99,Contiguous
0.720703125,0.01,0.0,0.20156644570707072,0.20350993377483445,0.54,0.46,0.99,Contiguous
1.927734375,0.04,0.5,0.20684814453125,0.20875816993464053,0.54,0.46,0.96,Contiguous
2.623046875,0.02,0.0,0.2033641581632653,0.20740259740259742,0.54,0.46,0.98,Contiguous
3.9755859375,0.1,0.6,0.21644965277777778,0.2063225806451613,0.54,0.46,0.9,Indexed
6.791015625,0.05,0.4,0.21584087171052632,0.205,0.54,0.46,0.95,Contiguous
5.349609375,0.05,0.4,0.21584087171052632,0.205,0.54,0.46,0.95,Contiguous
1.4248046875,0.05,0.4,0.21584087171052632,0.205,0.54,0.46,0.95,Indexed
5.1123046875,0.02,0.0,0.22530691964285715,0.20630573248407644,0.54,0.46,0.98,Contiguous
6.169921875,0.06,0.33333333333333337,0.22986619015957446,0.20626582278481012,0.54,0.46,0.94,Contiguous
4.6591796875,0.06,0.33333333333333337,0.22986619015957446,0.20626582278481012,0.54,0.46,0.94,Linked
4.806640625,0.01,0.0,0.22169941603535354,0.20559748427672958,0.56,0.44,0.99,Contiguous
6.435546875,0.01,0.0,0.22169941603535354,0.20559748427672958,0.56,0.44,0.99,Contiguous
2.076171875,0.01,0.0,0.22169941603535354,0.20559748427672958,0.56,0.44,0.99,Contiguous
1.0595703125,0.01,0.0,0.22169941603535354,0.20559748427672958,0.56,0.44,0.99,Contiguous
7.865234375,0.01,0.0,0.22169941603535354,0.20559748427672958,0.56,0.44,0.99,Contiguous
3.0107421875,0.01,0.0,0.22169941603535354,0.20559748427672958,0.56,0.44,0.99,Contiguous
1.49609375,0.01,0.0,0.22169941603535354,0.20559748427672958,0.56,0.44,0.99,Contiguous
2.90234375,0.01,0.0,0.22169941603535354,0.20559748427672958,0.56,0.44,0.99,Contiguous
5.8349609375,0.01,0.0,0.22169941603535354,0.20559748427672958,0.56,0.44,0.99,Contiguous
3.71875,0.01,0.0,0.22169941603535354,0.20559748427672958,0.56,0.44,0.99,Contiguous
4.9345703125,0.01,0.0,0.22169941603535354,0.20559748427672958,0.56,0.44,0.99,Contiguous
5.8193359375,0.02,0.5,0.22245695153061223,0.20462499999999997,0.54,0.46,0.98,Contiguous
5.91796875,0.02,0.5,0.22245695153061223,0.20462499999999997,0.54,0.46,0.98,Contiguous
1.8916015625,0.02,0.5,0.22245695153061223,0.20462499999999997,0.54,0.46,0.98,Linked
2.9072265625,0.0,0.0,0.219091796875,0.20335403726708076,0.54,0.46,1.0,Contiguous
7.1689453125,0.0,0.0,0.219091796875,0.20335403726708076,0.54,0.46,1.0,Contiguous
2.1806640625,0.02,0.0,0.21384725765306123,0.20314814814814813,0.54,0.46,0.98,Contiguous
5.1396484375,0.02,0.0,0.21384725765306123,0.20314814814814813,0.54,0.46,0.98,Contiguous
3.0771484375,0.02,0.0,0.21384725765306123,0.20314814814814813,0.54,0.46,0.98,Contiguous
4.037109375,0.02,0.0,0.21384725765306123,0.20314814814814813,0.54,0.46,0.98,Contiguous
4.5888671875,0.02,0.0,0.21384725765306123,0.20314814814814813,0.54,0.46,0.98,Contiguous
7.708984375,0.02,0.0,0.21384725765306123,0.20314814814814813,0.54,0.46,0.98,Contiguous
6.38671875,0.02,0.0,0.21384725765306123,0.20314814814814813,0.54,0.46,0.98,Contiguous
2.76953125,0.08,0.25,0.22435461956521738,0.20570552147239266,0.52,0.48,0.92,Linked
5.5634765625,0.05,0.0,0.21969572368421053,0.2082317073170732,0.54,0.46,0.95,Contiguous
1.2470703125,0.05,0.0,0.21969572368421053,0.2082317073170732,0.54,0.46,0.95,Contiguous
6.5087890625,0.03,0.0,0.22292807667525774,0.21078787878787877,0.54,0.46,0.97,Contiguous
2.296875,0.05,0.4,0.22054893092105263,0.21204819277108433,0.54,0.46,0.95,Indexed
1.6787109375,0.01,0.0,0.22884114583333334,0.21077844311377245,0.56,0.44,0.99,Contiguous
4.30078125,0.04,0.25,0.21662394205729166,0.21113095238095236,0.54,0.46,0.96,Contiguous
6.6474609375,0.04,0.25,0.21662394205729166,0.21113095238095236,0.54,0.46,0.96,Contiguous
7.5888671875,0.06,0.5,0.22053690159574468,0.21295857988165678,0.54,0.46,0.94,Contiguous
2.0546875,0.06,0.5,0.22053690159574468,0.21295857988165678,0.54,0.46,0.94,Contiguous
3.5712890625,0.03,0.33333333333333337,0.22346166237113402,0.21476470588235294,0.54,0.46,0.97,Contiguous
2.451171875,0.03,0.33333333333333337,0.22346166237113402,0.21476470588235294,0.54,0.46,0.97,Linked
0.5439453125,0.05,0.4,0.23035567434210527,0.21668604651162793,0.54,0.46,0.95,Indexed
7.3828125,0.03,0.0,0.24061694587628865,0.21543352601156068,0.56,0.44,0.97,Contiguous
1.3525390625,0.03,0.0,0.24061694587628865,0.21543352601156068,0.56,0.44,0.97,Contiguous
2.25,0.01,0.0,0.24229600694444445,0.21477011494252873,0.56,0.44,0.99,Contiguous
4.6435546875,0.03,0.33333333333333337,0.2461742912371134,0.2144,0.56,0.44,0.97,Contiguous
4.958984375,0.03,0.33333333333333337,0.2461742912371134,0.2144,0.56,0.44,0.97,Contiguous
1.470703125,0.05,0.6,0.23603001644736843,0.2134659090909091,0.54,0.46,0.95,Indexed
6.9111328125,0.02,0.0,0.24440967793367346,0.2125423728813559,0.56,0.44,0.98,Contiguous
4.7490234375,0.02,0.0,0.24440967793367346,0.2125423728813559,0.56,0.44,0.98,Contiguous
5.2626953125,0.02,0.0,0.24440967793367346,0.2125423728813559,0.56,0.44,0.98,Contiguous
6.5419921875,0.02,0.0,0.24440967793367346,0.2125423728813559,0.56,0.44,0.98,Contiguous
5.400390625,0.02,0.0,0.24440967793367346,0.2125423728813559,0.56,0.44,0.98,Contiguous
7.6357421875,0.02,0.0,0.24440967793367346,0.2125423728813559,0.56,0.44,0.98,Contiguous
7.14453125,0.02,0.0,0.24440967793367346,0.2125423728813559,0.56,0.44,0.98,Contiguous
4.06640625,0.02,0.0,0.24440967793367346,0.2125423728813559,0.56,0.44,0.98,Contiguous
6.44921875,0.02,0.0,0.24440967793367346,0.2125423728813559,0.56,0.44,0.98,Contiguous
4.099609375,0.02,0.0,0.24440967793367346,0.2125423728813559,0.56,0.44,0.98,Contiguous
7.21875,0.03,0.33333333333333337,0.24504671391752578,0.21140449438202247,0.54,0.46,0.97,Contiguous
6.6259765625,0.03,0.33333333333333337,0.24504671391752578,0.21140449438202247,0.54,0.46,0.97,Contiguous
4.3759765625,0.03,0.33333333333333337,0.24504671391752578,0.21140449438202247,0.54,0.46,0.97,Contiguous
2.6962890625,0.03,0.33333333333333337,0.24504671391752578,0.21140449438202247,0.54,0.46,0.97,Linked
6.2080078125,0.0,0.0,0.240732421875,0.21022346368715084,0.56,0.44,1.0,Contiguous
3.1865234375,0.03,0.0,0.23572406572164947,0.21083333333333332,0.54,0.46,0.97,Contiguous
4.8203125,0.03,0.0,0.23572406572164947,0.21083333333333332,0.54,0.46,0.97,Contiguous
2.349609375,0.06,0.5,0.22857795877659576,0.21248618784530385,0.54,0.46,0.94,Contiguous
1.7216796875,0.03,0.0,0.22821359536082475,0.2113186813186813,0.54,0.46,0.97,Contiguous
1.013671875,0.01,0.0,0.22641453598484848,0.21295081967213114,0.56,0.44,0.99,Contiguous
3.146484375,0.01,0.0,0.22641453598484848,0.21295081967213114,0.56,0.44,0.99,Contiguous
3.826171875,0.01,0.0,0.22641453598484848,0.21295081967213114,0.56,0.44,0.99,Contiguous
3.8603515625,0.04,0.5,0.23032633463541666,0.2135326086956522,0.54,0.46,0.96,Linked
6.658203125,0.0,0.0,0.222509765625,0.21237837837837836,0.56,0.44,1.0,Contiguous
6.0634765625,0.0,0.0,0.222509765625,0.21237837837837836,0.56,0.44,1.0,Contiguous
6.6240234375,0.04,0.5,0.23032633463541666,0.21123655913978495,0.54,0.46,0.96,Contiguous
4.3154296875,0.04,0.5,0.23032633463541666,0.21123655913978495,0.54,0.46,0.96,Contiguous
2.888671875,0.05,0.6,0.23074629934210528,0.21133689839572192,0.54,0.46,0.95,Indexed
7.3271484375,0.01,0.0,0.23264875315656566,0.21143617021276598,0.54,0.46,0.99,Contiguous
7.185546875,0.01,0.0,0.23264875315656566,0.21143617021276598,0.54,0.46,0.99,Contiguous
6.4794921875,0.01,0.0,0.23264875315656566,0.21143617021276598,0.54,0.46,0.99,Contiguous
6.8984375,0.01,0.0,0.23264875315656566,0.21143617021276598,0.54,0.46,0.99,Contiguous
2.263671875,0.01,0.0,0.23264875315656566,0.21143617021276598,0.54,0.46,0.99,Contiguous
2.6826171875,0.01,0.0,0.23264875315656566,0.21143617021276598,0.54,0.46,0.99,Contiguous
0.7314453125,0.01,0.0,0.23264875315656566,0.21143617021276598,0.54,0.46,0.99,Contiguous
5.8505859375,0.0,0.0,0.2330078125,0.21211640211640212,0.56,0.44,1.0,Contiguous
3.734375,0.0,0.0,0.2330078125,0.21211640211640212,0.56,0.44,1.0,Contiguous
7.2236328125,0.0,0.0,0.2330078125,0.21211640211640212,0.56,0.44,1.0,Contiguous
1.5205078125,0.0,0.0,0.2330078125,0.21211640211640212,0.56,0.44,1.0,Contiguous
4.7724609375,0.0,0.0,0.2330078125,0.21211640211640212,0.56,0.44,1.0,Contiguous
5.234375,0.05,0.0,0.23145559210526315,0.2113684210526316,0.54,0.46,0.95,Contiguous
0.716796875,0.05,0.0,0.23145559210526315,0.2113684210526316,0.54,0.46,0.95,Contiguous
1.5849609375,0.05,0.19999999999999996,0.2314967105263158,0.2097395833333333,0.54,0.46,0.95,Contiguous
1.953125,0.03,0.33333333333333337,0.23100233569587628,0.20917098445595855,0.54,0.46,0.97,Contiguous
3.1181640625,0.05,0.19999999999999996,0.22301603618421054,0.20815384615384616,0.52,0.48,0.95,Contiguous
3.19921875,0.03,0.33333333333333337,0.22095481636597938,0.20619289340101524,0.52,0.48,0.97,Contiguous
3.5322265625,0.03,0.33333333333333337,0.22095481636597938,0.20619289340101524,0.52,0.48,0.97,Contiguous
3.8720703125,0.05,0.6,0.2212376644736842,0.2062121212121212,0.52,0.48,0.95,Linked
4.26171875,0.05,0.4,0.21420641447368421,0.20754999999999998,0.52,0.48,0.95,Linked
0.916015625,0.03,0.33333333333333337,0.21174291237113402,0.20826732673267326,0.5,0.5,0.97,Indexed
3.298828125,0.01,0.0,0.2184146148989899,0.20724137931034484,0.52,0.48,0.99,Contiguous
6.7490234375,0.05,0.4,0.22060032894736842,0.20774509803921568,0.5,0.5,0.95,Contiguous
0.8212890625,0.05,0.4,0.22060032894736842,0.20774509803921568,0.5,0.5,0.95,Contiguous
2.4775390625,0.04,0.25,0.22016398111979166,0.20673170731707316,0.52,0.48,0.96,Contiguous
5.4697265625,0.08,0.25,0.22820779551630435,0.21033816425120772,0.5,0.5,0.92,Indexed
4.2880859375,0.09,0.2222222222222222,0.24274553571428573,0.20952153110047844,0.5,0.5,0.91,Contiguous
5.01171875,0.04,0.5,0.237518310546875,0.2085238095238095,0.52,0.48,0.96,Contiguous
4.2197265625,0.04,0.5,0.237518310546875,0.2085238095238095,0.52,0.48,0.96,Contiguous
6.634765625,0.04,0.5,0.237518310546875,0.2085238095238095,0.52,0.48,0.96,Contiguous
5.3466796875,0.04,0.5,0.237518310546875,0.2085238095238095,0.52,0.48,0.96,Contiguous
6.4833984375,0.04,0.5,0.237518310546875,0.2085238095238095,0.52,0.48,0.96,Contiguous
6.7216796875,0.04,0.5,0.237518310546875,0.2085238095238095,0.52,0.48,0.96,Contiguous
2.98828125,0.04,0.5,0.237518310546875,0.2085238095238095,0.52,0.48,0.96,Linked
7.9306640625,0.08,0.375,0.2445333729619565,0.20806603773584909,0.52,0.48,0.92,Linked
5.91796875,0.0,0.0,0.2256640625,0.20708920187793428,0.54,0.46,1.0,Contiguous
3.501953125,0.0,0.0,0.2256640625,0.20708920187793428,0.54,0.46,1.0,Contiguous
6.2197265625,0.0,0.0,0.2256640625,0.20708920187793428,0.54,0.46,1.0,Contiguous
6.0244140625,0.01,0.0,0.22523082386363635,0.20939252336448597,0.52,0.48,0.99,Contiguous
2.4423828125,0.01,0.0,0.22523082386363635,0.20939252336448597,0.52,0.48,0.99,Contiguous
2.912109375,0.02,0.5,0.22570551658163265,0.21004651162790697,0.5,0.5,0.98,Contiguous
5.302734375,0.02,0.5,0.22570551658163265,0.21004651162790697,0.5,0.5,0.98,Contiguous
6.869140625,0.02,0.5,0.22570551658163265,0.21004651162790697,0.5,0.5,0.98,Contiguous
6.7607421875,0.02,0.5,0.22570551658163265,0.21004651162790697,0.5,0.5,0.98,Contiguous
3.9267578125,0.06,0.6666666666666667,0.22348736702127658,0.20912037037037037,0.5,0.5,0.94,Indexed
1.05078125,0.01,0.0,0.22304095643939395,0.20820276497695855,0.5,0.5,0.99,Contiguous
3.2294921875,0.01,0.0,0.22304095643939395,0.20820276497695855,0.5,0.5,0.99,Contiguous
7.078125,0.03,0.33333333333333337,0.22096488402061856,0.2080275229357798,0.5,0.5,0.97,Contiguous
3.9677734375,0.03,0.33333333333333337,0.22096488402061856,0.2080275229357798,0.5,0.5,0.97,Contiguous
5.583984375,0.03,0.33333333333333337,0.22096488402061856,0.2080275229357798,0.5,0.5,0.97,Contiguous
4.177734375,0.03,0.33333333333333337,0.22096488402061856,0.2080275229357798,0.5,0.5,0.97,Contiguous
3.9833984375,0.03,0.33333333333333337,0.22096488402061856,0.2080275229357798,0.5,0.5,0.97,Contiguous
5.703125,0.04,0.5,0.22031656901041666,0.20821917808219179,0.5,0.5,0.96,Contiguous
7.8564453125,0.12,0.5833333333333333,0.23955743963068182,0.21077272727272728,0.48,0.52,0.88,Linked
4.3671875,0.04,0.5,0.22108968098958334,0.2098190045248869,0.48,0.52,0.96,Contiguous
7.10546875,0.04,0.5,0.22108968098958334,0.2098190045248869,0.48,0.52,0.96,Contiguous
2.646484375,0.04,0.5,0.22108968098958334,0.2098190045248869,0.48,0.52,0.96,Linked
2.4638671875,0.01,0.0,0.2179608585858586,0.21207207207207207,0.5,0.5,0.99,Contiguous
1.1923828125,0.01,0.0,0.2179608585858586,0.21207207207207207,0.5,0.5,0.99,Contiguous
2.4501953125,0.04,0.25,0.21799723307291666,0.213542600896861,0.48,0.52,0.96,Contiguous
5.05859375,0.01,0.0,0.21694483901515152,0.21258928571428573,0.48,0.52,0.99,Contiguous
3.53125,0.01,0.0,0.21694483901515152,0.21258928571428573,0.48,0.52,0.99,Contiguous
4.4541015625,0.01,0.0,0.21694483901515152,0.21258928571428573,0.48,0.52,0.99,Contiguous
1.9541015625,0.01,0.0,0.21694483901515152,0.21258928571428573,0.48,0.52,0.99,Contiguous
3.337890625,0.01,0.0,0.21694483901515152,0.21258928571428573,0.48,0.52,0.99,Contiguous
3.22265625,0.01,0.0,0.21694483901515152,0.21258928571428573,0.48,0.52,0.99,Contiguous
6.109375,0.03,0.33333333333333337,0.21024283182989692,0.21382222222222222,0.48,0.52,0.97,Contiguous
4.9462890625,0.03,0.33333333333333337,0.21024283182989692,0.21382222222222222,0.48,0.52,0.97,Contiguous
1.1845703125,0.05,0.6,0.21390830592105264,0.21601769911504423,0.48,0.52,0.95,Contiguous
4.408203125,0.05,0.19999999999999996,0.21956208881578948,0.21732456140350875,0.48,0.52,0.95,Linked
2.421875,0.0,0.0,0.214501953125,0.21646288209606987,0.48,0.52,1.0,Contiguous
5.6669921875,0.0,0.0,0.214501953125,0.21646288209606987,0.48,0.52,1.0,Contiguous
4.0849609375,0.0,0.0,0.214501953125,0.21646288209606987,0.48,0.52,1.0,Contiguous
1.244140625,0.0,0.0,0.214501953125,0.21646288209606987,0.48,0.52,1.0,Contiguous
6.0341796875,0.03,0.33333333333333337,0.20537008698453607,0.2167826086956522,0.48,0.52,0.97,Contiguous
5.15234375,0.11,0.5454545454545454,0.22221734550561797,0.21744588744588744,0.48,0.52,0.89,Indexed
4.927734375,0.04,0.5,0.22526041666666666,0.21650862068965515,0.48,0.52,0.96,Contiguous
3.9033203125,0.04,0.5,0.22526041666666666,0.21650862068965515,0.48,0.52,0.96,Linked
4.90234375,0.0,0.0,0.217216796875,0.21742489270386264,0.48,0.52,1.0,Contiguous
6.1220703125,0.0,0.0,0.217216796875,0.21742489270386264,0.48,0.52,1.0,Contiguous
2.9521484375,0.0,0.0,0.217216796875,0.21742489270386264,0.48,0.52,1.0,Contiguous
6.26953125,0.02,0.0,0.20975167410714285,0.2184188034188034,0.48,0.52,0.98,Contiguous
6.4423828125,0.05,0.6,0.2077405427631579,0.21927659574468084,0.46,0.54,0.95,Contiguous
6.5966796875,0.05,0.6,0.2077405427631579,0.21927659574468084,0.46,0.54,0.95,Contiguous
2.0322265625,0.05,0.6,0.2077405427631579,0.21927659574468084,0.46,0.54,0.95,Linked
2.7119140625,0.09,0.11111111111111116,0.21069067651098902,0.21924050632911393,0.48,0.52,0.91,Linked
6.5810546875,0.06,0.0,0.20703125,0.21831932773109244,0.48,0.52,0.94,Contiguous
2.763671875,0.06,0.0,0.20703125,0.21831932773109244,0.48,0.52,0.94,Contiguous
7.16015625,0.03,0.0,0.20306459407216496,0.2194560669456067,0.48,0.52,0.97,Contiguous
3.38671875,0.05,0.4,0.1994140625,0.22008333333333333,0.48,0.52,0.95,Linked
6.1640625,0.03,0.33333333333333337,0.1938526900773196,0.22012396694214875,0.48,0.52,0.97,Contiguous
2.6943359375,0.03,0.33333333333333337,0.1938526900773196,0.22012396694214875,0.48,0.52,0.97,Linked
4.9267578125,0.03,0.33333333333333337,0.19299693943298968,0.21954918032786885,0.46,0.54,0.97,Contiguous
5.6025390625,0.06,0.6666666666666667,0.1967046210106383,0.21914285714285714,0.46,0.54,0.94,Linked
4.4267578125,0.0,0.0,0.188876953125,0.218739837398374,0.46,0.54,1.0,Contiguous
5.091796875,0.03,0.0,0.18689594072164947,0.2179757085020243,0.46,0.54,0.97,Contiguous
4.0234375,0.05,0.4,0.18224712171052632,0.2175,0.46,0.54,0.95,Linked
0.91015625,0.0,0.0,0.182900390625,0.2166265060240964,0.46,0.54,1.0,Contiguous
1.412109375,0.05,0.19999999999999996,0.18629728618421051,0.2186,0.46,0.54,0.95,Contiguous
3.705078125,0.03,0.33333333333333337,0.18851683311855671,0.21772908366533866,0.46,0.54,0.97,Contiguous
5.115234375,0.03,0.33333333333333337,0.18851683311855671,0.21772908366533866,0.46,0.54,0.97,Contiguous
0.9287109375,0.03,0.33333333333333337,0.18851683311855671,0.21772908366533866,0.46,0.54,0.97,Indexed
5.001953125,0.03,0.33333333333333337,0.18851683311855671,0.21608695652173915,0.46,0.54,0.97,Contiguous
1.1806640625,0.03,0.33333333333333337,0.18851683311855671,0.21608695652173915,0.46,0.54,0.97,Contiguous
1.447265625,0.01,0.0,0.19298453282828282,0.21523622047244095,0.48,0.52,0.99,Contiguous
3.8291015625,0.01,0.0,0.19298453282828282,0.21523622047244095,0.48,0.52,0.99,Contiguous
6.8251953125,0.01,0.0,0.19298453282828282,0.21523622047244095,0.48,0.52,0.99,Contiguous
6.705078125,0.01,0.0,0.19298453282828282,0.21523622047244095,0.48,0.52,0.99,Contiguous
4.103515625,0.01,0.0,0.19298453282828282,0.21523622047244095,0.48,0.52,0.99,Contiguous
2.8779296875,0.01,0.0,0.19298453282828282,0.21523622047244095,0.48,0.52,0.99,Contiguous
3.9296875,0.01,0.0,0.19298453282828282,0.21523622047244095,0.48,0.52,0.99,Contiguous
5.4677734375,0.01,0.0,0.19298453282828282,0.21523622047244095,0.48,0.52,0.99,Contiguous
1.29296875,0.06,0.5,0.19286070478723405,0.2172549019607843,0.46,0.54,0.94,Contiguous
2.162109375,0.04,0.25,0.19620768229166666,0.21640625,0.46,0.54,0.96,Contiguous
2.6162109375,0.01,0.0,0.19872553661616163,0.21595330739299612,0.48,0.52,0.99,Contiguous
1.755859375,0.01,0.0,0.19872553661616163,0.21595330739299612,0.48,0.52,0.99,Contiguous
1.099609375,0.04,0.5,0.194854736328125,0.2153875968992248,0.46,0.54,0.96,Indexed
4.103515625,0.04,0.5,0.210968017578125,0.21653846153846154,0.46,0.54,0.96,Contiguous
4.2587890625,0.04,0.5,0.210968017578125,0.21653846153846154,0.46,0.54,0.96,Contiguous
2.8046875,0.08,0.625,0.21875,0.21624521072796934,0.44,0.56,0.92,Indexed
6.123046875,0.04,0.25,0.22208658854166666,0.2154198473282443,0.46,0.54,0.96,Contiguous
1.0693359375,0.04,0.25,0.22208658854166666,0.2154198473282443,0.46,0.54,0.96,Indexed
7.890625,0.01,0.0,0.23485834911616163,0.21536121673003802,0.46,0.54,0.99,Contiguous
5.5,0.05,0.6,0.23216488486842105,0.2153030303030303,0.46,0.54,0.95,Contiguous
6.9306640625,0.05,0.6,0.23216488486842105,0.2153030303030303,0.46,0.54,0.95,Contiguous
3.900390625,0.05,0.6,0.23216488486842105,0.2153030303030303,0.46,0.54,0.95,Linked
5.6806640625,0.06,0.5,0.22784034242021275,0.2154511278195489,0.48,0.52,0.94,Linked
7.1123046875,0.05,0.0,0.22130962171052632,0.2142910447761194,0.48,0.52,0.95,Contiguous
1.8271484375,0.1,0.5,0.2222222222222222,0.2146468401486989,0.48,0.52,0.9,Indexed
5.259765625,0.07,0.2857142857142857,0.22766507056451613,0.21385185185185185,0.5,0.5,0.93,Linked
5.052734375,0.01,0.0,0.2213443023989899,0.21317343173431735,0.5,0.5,0.99,Contiguous
4.0126953125,0.01,0.0,0.2213443023989899,0.21317343173431735,0.5,0.5,0.99,Contiguous
2.9326171875,0.04,0.25,0.20815022786458334,0.21544117647058822,0.48,0.52,0.96,Contiguous
2.677734375,0.01,0.0,0.20252327967171718,0.21465201465201464,0.5,0.5,0.99,Contiguous
4.4501953125,0.01,0.0,0.20252327967171718,0.21465201465201464,0.5,0.5,0.99,Contiguous
5.2841796875,0.01,0.0,0.20252327967171718,0.21465201465201464,0.5,0.5,0.99,Contiguous
6.3759765625,0.04,0.25,0.206390380859375,0.215,0.48,0.52,0.96,Contiguous
2.5029296875,0.04,0.25,0.206390380859375,0.215,0.48,0.52,0.96,Contiguous
5.8935546875,0.04,0.25,0.21144612630208334,0.2141304347826087,0.5,0.5,0.96,Contiguous
5.1015625,0.04,0.25,0.21144612630208334,0.2141304347826087,0.5,0.5,0.96,Contiguous
0.6650390625,0.04,0.25,0.21144612630208334,0.2141304347826087,0.5,0.5,0.96,Contiguous
5.8779296875,0.03,0.33333333333333337,0.21271947487113402,0.21339350180505418,0.5,0.5,0.97,Contiguous
5.109375,0.03,0.33333333333333337,0.21271947487113402,0.21339350180505418,0.5,0.5,0.97,Contiguous
1.9013671875,0.06,0.5,0.21879155585106383,0.21446043165467624,0.5,0.5,0.94,Indexed
5.7119140625,0.03,0.0,0.22335091817010308,0.2154838709677419,0.5,0.5,0.97,Contiguous
2.724609375,0.03,0.0,0.22335091817010308,0.2154838709677419,0.5,0.5,0.97,Contiguous
3.986328125,0.03,0.0,0.21755194909793815,0.2182918149466192,0.52,0.48,0.97,Contiguous
4.43359375,0.03,0.0,0.21755194909793815,0.2182918149466192,0.52,0.48,0.97,Contiguous
4.259765625,0.03,0.0,0.21755194909793815,0.2182918149466192,0.52,0.48,0.97,Contiguous
3.166015625,0.03,0.0,0.21755194909793815,0.2182918149466192,0.52,0.48,0.97,Contiguous
1.3359375,0.03,0.0,0.21755194909793815,0.2182918149466192,0.52,0.48,0.97,Contiguous
3.1376953125,0.01,0.0,0.21986466224747475,0.2175177304964539,0.52,0.48,0.99,Contiguous
4.462890625,0.01,0.0,0.21986466224747475,0.2175177304964539,0.52,0.48,0.99,Contiguous
7.0078125,0.05,0.4,0.22266652960526315,0.21830388692579505,0.5,0.5,0.95,Contiguous
0.79296875,0.05,0.4,0.22266652960526315,0.21830388692579505,0.5,0.5,0.95,Contiguous
3.015625,0.04,0.25,0.222503662109375,0.21901408450704224,0.52,0.48,0.96,Linked
6.6796875,0.03,0.0,0.22061251610824742,0.22017482517482517,0.52,0.48,0.97,Contiguous
4.6162109375,0.03,0.0,0.22061251610824742,0.22017482517482517,0.52,0.48,0.97,Contiguous
0.5087890625,0.03,0.0,0.22061251610824742,0.22017482517482517,0.52,0.48,0.97,Contiguous
4.83984375,0.02,0.0,0.22337372448979592,0.2194076655052265,0.54,0.46,0.98,Contiguous
0.93359375,0.02,0.0,0.22337372448979592,0.2194076655052265,0.54,0.46,0.98,Contiguous
5.48046875,0.04,0.5,0.22553507486979166,0.218719723183391,0.52,0.48,0.96,Contiguous
5.5029296875,0.04,0.5,0.22553507486979166,0.218719723183391,0.52,0.48,0.96,Contiguous
0.912109375,0.04,0.5,0.22553507486979166,0.218719723183391,0.52,0.48,0.96,Contiguous
1.5478515625,0.09,0.6666666666666667,0.23538375686813187,0.21817869415807561,0.52,0.48,0.91,Indexed
4.0048828125,0.06,0.5,0.24331989694148937,0.21743150684931506,0.54,0.46,0.94,Linked
4.376953125,0.01,0.0,0.24108270202020202,0.21764505119453925,0.54,0.46,0.99,Contiguous
5.3701171875,0.02,0.5,0.24012476084183673,0.21731292517006803,0.54,0.46,0.98,Contiguous
6.177734375,0.02,0.5,0.24012476084183673,0.21731292517006803,0.54,0.46,0.98,Contiguous
0.609375,0.05,0.4,0.23536184210526315,0.21776271186440677,0.54,0.46,0.95,Contiguous
1.2451171875,0.04,0.5,0.23697916666666666,0.21702702702702703,0.54,0.46,0.96,Indexed
7.802734375,0.02,0.5,0.24915298150510204,0.21640939597315437,0.56,0.44,0.98,Contiguous
5.681640625,0.04,0.5,0.2538553873697917,0.21782608695652175,0.54,0.46,0.96,Contiguous
4.486328125,0.04,0.5,0.2538553873697917,0.21782608695652175,0.54,0.46,0.96,Contiguous
2.833984375,0.04,0.5,0.2538553873697917,0.21782608695652175,0.54,0.46,0.96,Linked
2.6865234375,0.01,0.0,0.24783972537878787,0.2192333333333333,0.56,0.44,0.99,Contiguous
4.359375,0.01,0.0,0.24783972537878787,0.2192333333333333,0.56,0.44,0.99,Contiguous
2.44921875,0.01,0.0,0.24783972537878787,0.2192333333333333,0.56,0.44,0.99,Contiguous
1.65625,0.01,0.0,0.24783972537878787,0.2192333333333333,0.56,0.44,0.99,Contiguous
7.8740234375,0.01,0.0,0.24783972537878787,0.2192333333333333,0.56,0.44,0.99,Contiguous
6.4697265625,0.01,0.0,0.24783972537878787,0.2192333333333333,0.56,0.44,0.99,Contiguous
7.412109375,0.01,0.0,0.24783972537878787,0.2192333333333333,0.56,0.44,0.99,Contiguous
6.8193359375,0.02,0.5,0.24969108737244897,0.21853820598006646,0.54,0.46,0.98,Contiguous
3.21875,0.02,0.5,0.24969108737244897,0.21853820598006646,0.54,0.46,0.98,Contiguous
4.5615234375,0.02,0.5,0.24969108737244897,0.21853820598006646,0.54,0.46,0.98,Contiguous
2.7626953125,0.07,0.5714285714285714,0.2448021673387097,0.21827814569536425,0.52,0.48,0.93,Indexed
7.19921875,0.03,0.6666666666666667,0.24746295103092783,0.21801980198019802,0.54,0.46,0.97,Contiguous
5.779296875,0.03,0.6666666666666667,0.24746295103092783,0.21801980198019802,0.54,0.46,0.97,Contiguous
1.6884765625,0.03,0.6666666666666667,0.24746295103092783,0.21801980198019802,0.54,0.46,0.97,Linked
4.3740234375,0.01,0.0,0.24561040088383837,0.21894736842105264,0.54,0.46,0.99,Contiguous
4.9150390625,0.01,0.0,0.24561040088383837,0.21894736842105264,0.54,0.46,0.99,Contiguous
3.517578125,0.01,0.0,0.24561040088383837,0.21894736842105264,0.54,0.46,0.99,Contiguous
3.07421875,0.01,0.0,0.24561040088383837,0.21894736842105264,0.54,0.46,0.99,Contiguous
6.0791015625,0.01,0.0,0.24561040088383837,0.21894736842105264,0.54,0.46,0.99,Contiguous
2.3681640625,0.03,0.33333333333333337,0.24338555090206185,0.22052459016393441,0.54,0.46,0.97,Linked
3.7861328125,0.0,0.0,0.24240234375,0.21980392156862746,0.54,0.46,1.0,Contiguous
4.283203125,0.05,0.6,0.24468544407894738,0.2204885993485342,0.52,0.48,0.95,Linked
6.9912109375,0.0,0.0,0.239619140625,0.21977272727272726,0.54,0.46,1.0,Contiguous
5.80859375,0.0,0.0,0.239619140625,0.21977272727272726,0.54,0.46,1.0,Contiguous
5.7158203125,0.0,0.0,0.239619140625,0.21977272727272726,0.54,0.46,1.0,Contiguous
4.4619140625,0.0,0.0,0.239619140625,0.21977272727272726,0.54,0.46,1.0,Contiguous
1.509765625,0.0,0.0,0.239619140625,0.21977272727272726,0.54,0.46,1.0,Contiguous
5.220703125,0.0,0.0,0.239619140625,0.21977272727272726,0.54,0.46,1.0,Contiguous
1.302734375,0.0,0.0,0.239619140625,0.21977272727272726,0.54,0.46,1.0,Contiguous
4.021484375,0.0,0.0,0.239619140625,0.21977272727272726,0.54,0.46,1.0,Contiguous
4.1552734375,0.05,0.6,0.24468544407894738,0.21906148867313915,0.52,0.48,0.95,Linked
3.779296875,0.05,0.6,0.24228001644736843,0.21774919614147908,0.54,0.46,0.95,Linked
1.734375,0.01,0.0,0.23472024936868688,0.21705128205128205,0.54,0.46,0.99,Contiguous
2.6201171875,0.05,0.4,0.23157894736842105,0.2169968051118211,0.52,0.48,0.95,Indexed
6.041015625,0.01,0.0,0.23616043244949494,0.21630573248407642,0.54,0.46,0.99,Contiguous
1.1416015625,0.01,0.0,0.23616043244949494,0.21630573248407642,0.54,0.46,0.99,Contiguous
7.318359375,0.01,0.0,0.23616043244949494,0.21630573248407642,0.54,0.46,0.99,Contiguous
4.7685546875,0.01,0.0,0.23616043244949494,0.21630573248407642,0.54,0.46,0.99,Contiguous
3.033203125,0.01,0.0,0.23616043244949494,0.21630573248407642,0.54,0.46,0.99,Contiguous
7.5986328125,0.01,0.0,0.23616043244949494,0.21630573248407642,0.54,0.46,0.99,Contiguous
7.478515625,0.01,0.0,0.23616043244949494,0.21630573248407642,0.54,0.46,0.99,Contiguous
5.439453125,0.01,0.0,0.23616043244949494,0.21630573248407642,0.54,0.46,0.99,Contiguous
5.974609375,0.02,0.5,0.2335578762755102,0.21565079365079368,0.52,0.48,0.98,Contiguous
2.3193359375,0.02,0.5,0.2335578762755102,0.21565079365079368,0.52,0.48,0.98,Contiguous
3.9716796875,0.02,0.5,0.2335578762755102,0.21565079365079368,0.52,0.48,0.98,Contiguous
6.58203125,0.02,0.5,0.2335578762755102,0.21565079365079368,0.52,0.48,0.98,Contiguous
7.48046875,0.02,0.5,0.2335578762755102,0.21565079365079368,0.52,0.48,0.98,Contiguous
6.0517578125,0.09,0.4444444444444444,0.23121995192307693,0.2154113924050633,0.52,0.48,0.91,Indexed
0.8671875,0.04,0.25,0.22306315104166666,0.215062893081761,0.52,0.48,0.96,Contiguous
0.9482421875,0.03,0.33333333333333337,0.22213273195876287,0.21438871473354232,0.54,0.46,0.97,Indexed
3.9453125,0.07,0.4285714285714286,0.2350365423387097,0.21429906542056074,0.52,0.48,0.93,Linked
3.7958984375,0.07,0.5714285714285714,0.22503990255376344,0.2146749226006192,0.52,0.48,0.93,Indexed
6.83984375,0.02,0.5,0.22584502551020408,0.21478395061728395,0.54,0.46,0.98,Contiguous
1.130859375,0.05,0.6,0.22994449013157894,0.21495384615384616,0.52,0.48,0.95,Indexed
3.5595703125,0.02,0.5,0.24197823660714285,0.21429447852760736,0.54,0.46,0.98,Contiguous
2.42578125,0.02,0.5,0.24197823660714285,0.21429447852760736,0.54,0.46,0.98,Contiguous
5.1650390625,0.02,0.5,0.24197823660714285,0.21429447852760736,0.54,0.46,0.98,Contiguous
5.6025390625,0.03,0.6666666666666667,0.24233851481958762,0.21394495412844036,0.52,0.48,0.97,Contiguous
5.833984375,0.06,0.6666666666666667,0.2298558011968085,0.2135670731707317,0.52,0.48,0.94,Linked
4.2216796875,0.04,0.5,0.226226806640625,0.21239393939393938,0.5,0.5,0.96,Contiguous
5.919921875,0.04,0.5,0.226226806640625,0.21239393939393938,0.5,0.5,0.96,Contiguous
1.0908203125,0.04,0.5,0.226226806640625,0.21239393939393938,0.5,0.5,0.96,Linked
3.263671875,0.02,0.0,0.23088727678571427,0.21175226586102722,0.52,0.48,0.98,Contiguous
2.892578125,0.02,0.0,0.23088727678571427,0.21175226586102722,0.52,0.48,0.98,Contiguous
3.8935546875,0.02,0.0,0.23088727678571427,0.21175226586102722,0.52,0.48,0.98,Contiguous
4.154296875,0.02,0.0,0.23088727678571427,0.21175226586102722,0.52,0.48,0.98,Contiguous
2.0927734375,0.02,0.0,0.23088727678571427,0.21175226586102722,0.52,0.48,0.98,Contiguous
7.326171875,0.02,0.0,0.23088727678571427,0.21175226586102722,0.52,0.48,0.98,Contiguous
2.3974609375,0.02,0.0,0.23088727678571427,0.21175226586102722,0.52,0.48,0.98,Contiguous
3.37109375,0.02,0.0,0.23088727678571427,0.21175226586102722,0.52,0.48,0.98,Contiguous
6.09375,0.02,0.0,0.23088727678571427,0.21175226586102722,0.52,0.48,0.98,Contiguous
5.765625,0.05,0.6,0.21850328947368422,0.21120481927710844,0.5,0.5,0.95,Contiguous
0.564453125,0.05,0.6,0.21850328947368422,0.21120481927710844,0.5,0.5,0.95,Indexed
5.986328125,0.03,0.33333333333333337,0.22879751932989692,0.21057057057057058,0.52,0.48,0.97,Contiguous
0.8916015625,0.03,0.33333333333333337,0.22879751932989692,0.21057057057057058,0.52,0.48,0.97,Contiguous
6.4609375,0.02,0.0,0.22756895727040816,0.2107185628742515,0.52,0.48,0.98,Contiguous
7.732421875,0.02,0.0,0.22756895727040816,0.2107185628742515,0.52,0.48,0.98,Contiguous
6.705078125,0.02,0.0,0.22756895727040816,0.2107185628742515,0.52,0.48,0.98,Contiguous
5.3564453125,0.02,0.0,0.22756895727040816,0.2107185628742515,0.52,0.48,0.98,Contiguous
2.251953125,0.02,0.0,0.22756895727040816,0.2107185628742515,0.52,0.48,0.98,Contiguous
5.466796875,0.02,0.0,0.22756895727040816,0.2107185628742515,0.52,0.48,0.98,Contiguous
6.2666015625,0.04,0.5,0.22135416666666666,0.21038805970149255,0.5,0.5,0.96,Contiguous
5.9462890625,0.04,0.5,0.22135416666666666,0.21038805970149255,0.5,0.5,0.96,Contiguous
5.525390625,0.04,0.5,0.22135416666666666,0.21038805970149255,0.5,0.5,0.96,Contiguous
5.669921875,0.08,0.5,0.22857931385869565,0.20982142857142858,0.5,0.5,0.92,Linked
4.0263671875,0.04,0.5,0.21302286783854166,0.20979289940828402,0.48,0.52,0.96,Contiguous
6.3583984375,0.07,0.5714285714285714,0.21693338373655913,0.21162241887905606,0.48,0.52,0.93,Linked
3.11328125,0.03,0.0,0.2094776900773196,0.21434017595307917,0.48,0.52,0.97,Contiguous
1.904296875,0.03,0.0,0.2094776900773196,0.21434017595307917,0.48,0.52,0.97,Contiguous
4.814453125,0.07,0.4285714285714286,0.21596732190860216,0.21346938775510205,0.46,0.54,0.93,Indexed
3.4267578125,0.01,0.0,0.21485361426767677,0.2128488372093023,0.48,0.52,0.99,Contiguous
7.8076171875,0.01,0.0,0.21485361426767677,0.2128488372093023,0.48,0.52,0.99,Contiguous
2.5556640625,0.07,0.7142857142857143,0.22444136424731181,0.21295652173913043,0.48,0.52,0.93,Indexed
4.3544921875,0.03,0.6666666666666667,0.23007611146907217,0.21234104046242774,0.48,0.52,0.97,Contiguous
2.8603515625,0.03,0.6666666666666667,0.23007611146907217,0.21234104046242774,0.48,0.52,0.97,Linked
3.208984375,0.0,0.0,0.2245703125,0.21288184438040347,0.48,0.52,1.0,Contiguous
4.24609375,0.0,0.0,0.2245703125,0.21288184438040347,0.48,0.52,1.0,Contiguous
1.6259765625,0.0,0.0,0.2245703125,0.21288184438040347,0.48,0.52,1.0,Contiguous
2.3046875,0.0,0.0,0.2245703125,0.21288184438040347,0.48,0.52,1.0,Contiguous
6.29296875,0.0,0.0,0.2245703125,0.21288184438040347,0.48,0.52,1.0,Contiguous
3.6787109375,0.0,0.0,0.2245703125,0.21288184438040347,0.48,0.52,1.0,Contiguous
6.9365234375,0.0,0.0,0.2245703125,0.21288184438040347,0.48,0.52,1.0,Contiguous
1.2216796875,0.0,0.0,0.2245703125,0.21288184438040347,0.48,0.52,1.0,Contiguous
0.611328125,0.0,0.0,0.2245703125,0.21288184438040347,0.48,0.52,1.0,Contiguous
4.1376953125,0.03,0.0,0.22584769652061856,0.21316091954022987,0.48,0.52,0.97,Contiguous
6.4912109375,0.03,0.0,0.22584769652061856,0.21316091954022987,0.48,0.52,0.97,Contiguous
5.17578125,0.03,0.0,0.22584769652061856,0.21316091954022987,0.48,0.52,0.97,Contiguous
5.607421875,0.03,0.0,0.22584769652061856,0.21316091954022987,0.48,0.52,0.97,Contiguous
1.3662109375,0.03,0.0,0.22584769652061856,0.21316091954022987,0.48,0.52,0.97,Contiguous
4.271484375,0.01,0.0,0.22768702651515152,0.21255014326647564,0.5,0.5,0.99,Contiguous
4.9912109375,0.03,0.0,0.22584769652061856,0.21194285714285716,0.48,0.52,0.97,Contiguous
5.3798828125,0.03,0.0,0.22584769652061856,0.21194285714285716,0.48,0.52,0.97,Contiguous
5.5830078125,0.06,0.5,0.22749750664893617,0.21296296296296297,0.48,0.52,0.94,Linked
7.7744140625,0.0,0.0,0.218017578125,0.21397727272727274,0.5,0.5,1.0,Contiguous
5.693359375,0.0,0.0,0.218017578125,0.21397727272727274,0.5,0.5,1.0,Contiguous
1.6181640625,0.0,0.0,0.218017578125,0.21397727272727274,0.5,0.5,1.0,Contiguous
2.9345703125,0.04,0.0,0.21791585286458334,0.21458923512747877,0.48,0.52,0.96,Contiguous
1.4287109375,0.01,0.0,0.2119732481060606,0.2139830508474576,0.48,0.52,0.99,Contiguous
1.5849609375,0.06,0.5,0.21043882978723405,0.2143943661971831,0.48,0.52,0.94,Contiguous
3.4677734375,0.04,0.25,0.21037801106770834,0.21379213483146067,0.48,0.52,0.96,Linked
6.4443359375,0.0,0.0,0.20728515625,0.21389355742296917,0.5,0.5,1.0,Contiguous
4.8212890625,0.0,0.0,0.20728515625,0.21389355742296917,0.5,0.5,1.0,Contiguous
6.4375,0.0,0.0,0.20728515625,0.21389355742296917,0.5,0.5,1.0,Contiguous
7.5830078125,0.0,0.0,0.20728515625,0.21389355742296917,0.5,0.5,1.0,Contiguous
1.2919921875,0.0,0.0,0.20728515625,0.21389355742296917,0.5,0.5,1.0,Contiguous
5.4248046875,0.0,0.0,0.20728515625,0.21389355742296917,0.5,0.5,1.0,Contiguous
2.7373046875,0.0,0.0,0.20728515625,0.21389355742296917,0.5,0.5,1.0,Contiguous
2.2373046875,0.02,0.5,0.2083366549744898,0.21374301675977656,0.48,0.52,0.98,Contiguous
2.388671875,0.02,0.5,0.2083366549744898,0.21374301675977656,0.48,0.52,0.98,Contiguous
1.2939453125,0.02,0.5,0.2083366549744898,0.21374301675977656,0.48,0.52,0.98,Linked
3.4384765625,0.0,0.0,0.21123046875,0.21314763231197772,0.5,0.5,1.0,Contiguous
5.658203125,0.0,0.0,0.21123046875,0.21314763231197772,0.5,0.5,1.0,Contiguous
3.6845703125,0.0,0.0,0.21123046875,0.21314763231197772,0.5,0.5,1.0,Contiguous
7.2841796875,0.02,0.0,0.2071807238520408,0.2126388888888889,0.48,0.52,0.98,Contiguous
1.232421875,0.02,0.0,0.2071807238520408,0.2126388888888889,0.48,0.52,0.98,Contiguous
5.6328125,0.0,0.0,0.210712890625,0.2120498614958449,0.5,0.5,1.0,Contiguous
0.669921875,0.0,0.0,0.210712890625,0.2120498614958449,0.5,0.5,1.0,Contiguous
2.4482421875,0.03,0.33333333333333337,0.21071601159793815,0.2134806629834254,0.48,0.52,0.97,Linked
6.794921875,0.0,0.0,0.209912109375,0.21289256198347106,0.5,0.5,1.0,Contiguous
1.048828125,0.0,0.0,0.209912109375,0.21289256198347106,0.5,0.5,1.0,Contiguous
4.93359375,0.0,0.0,0.209912109375,0.21289256198347106,0.5,0.5,1.0,Contiguous
7.00390625,0.03,0.0,0.20143363402061856,0.21271978021978022,0.48,0.52,0.97,Contiguous
3.1279296875,0.03,0.0,0.20143363402061856,0.21271978021978022,0.48,0.52,0.97,Contiguous
6.80859375,0.03,0.0,0.20143363402061856,0.21271978021978022,0.48,0.52,0.97,Contiguous
0.5224609375,0.03,0.0,0.20143363402061856,0.21271978021978022,0.48,0.52,0.97,Contiguous
1.5390625,0.05,0.6,0.19913651315789474,0.21202185792349726,0.5,0.5,0.95,Contiguous
6.8876953125,0.03,0.33333333333333337,0.1997825386597938,0.2118801089918256,0.5,0.5,0.97,Contiguous
7.4306640625,0.06,0.5,0.2054625166223404,0.21263586956521738,0.5,0.5,0.94,Contiguous
3.365234375,0.1,0.7,0.19567057291666667,0.21257452574525748,0.48,0.52,0.9,Indexed
2.4033203125,0.05,0.4,0.20258018092105262,0.21237837837837836,0.48,0.52,0.95,Linked
0.6259765625,0.02,0.0,0.20246731505102042,0.21272237196765498,0.5,0.5,0.98,Contiguous
1.513671875,0.03,0.33333333333333337,0.20234979059278352,0.2127882037533512,0.5,0.5,0.97,Contiguous
4.7080078125,0.01,0.0,0.20317432133838384,0.2122192513368984,0.5,0.5,0.99,Contiguous
4.3095703125,0.03,0.33333333333333337,0.2005174774484536,0.21328,0.5,0.5,0.97,Contiguous
3.3955078125,0.03,0.33333333333333337,0.2005174774484536,0.21328,0.5,0.5,0.97,Contiguous
1.3720703125,0.03,0.33333333333333337,0.2005174774484536,0.21328,0.5,0.5,0.97,Contiguous
2.271484375,0.01,0.0,0.20280934343434343,0.21271276595744681,0.5,0.5,0.99,Contiguous
0.8466796875,0.01,0.0,0.20280934343434343,0.21271276595744681,0.5,0.5,0.99,Contiguous
7.76953125,0.0,0.0,0.202314453125,0.2143236074270557,0.52,0.48,1.0,Contiguous
4.6708984375,0.0,0.0,0.202314453125,0.2143236074270557,0.52,0.48,1.0,Contiguous
5.646484375,0.0,0.0,0.202314453125,0.2143236074270557,0.52,0.48,1.0,Contiguous
0.986328125,0.0,0.0,0.202314453125,0.2143236074270557,0.52,0.48,1.0,Contiguous
7.2783203125,0.0,0.0,0.202314453125,0.2143236074270557,0.52,0.48,1.0,Contiguous
5.98828125,0.0,0.0,0.202314453125,0.2143236074270557,0.52,0.48,1.0,Contiguous
7.77734375,0.03,0.33333333333333337,0.2028833762886598,0.2161904761904762,0.52,0.48,0.97,Contiguous
7.693359375,0.03,0.33333333333333337,0.2028833762886598,0.2161904761904762,0.52,0.48,0.97,Contiguous
1.6865234375,0.07,0.5714285714285714,0.20588667674731181,0.2170448548812665,0.5,0.5,0.93,Contiguous
5.494140625,0.06,0.5,0.20561835106382978,0.21829396325459316,0.5,0.5,0.94,Linked
4.88671875,0.0,0.0,0.19833984375,0.21772251308900523,0.52,0.48,1.0,Contiguous
3.546875,0.0,0.0,0.19833984375,0.21772251308900523,0.52,0.48,1.0,Contiguous
4.744140625,0.0,0.0,0.19833984375,0.21772251308900523,0.52,0.48,1.0,Contiguous
5.3427734375,0.06,0.5,0.20656374667553193,0.21754569190600523,0.5,0.5,0.94,Linked
6.8447265625,0.0,0.0,0.2007421875,0.21697916666666667,0.5,0.5,1.0,Contiguous
7.322265625,0.0,0.0,0.2007421875,0.21697916666666667,0.5,0.5,1.0,Contiguous
7.521484375,0.0,0.0,0.2007421875,0.21697916666666667,0.5,0.5,1.0,Contiguous
6.2666015625,0.0,0.0,0.2007421875,0.21697916666666667,0.5,0.5,1.0,Contiguous
3.9404296875,0.0,0.0,0.2007421875,0.21697916666666667,0.5,0.5,1.0,Contiguous
2.3271484375,0.0,0.0,0.2007421875,0.21697916666666667,0.5,0.5,1.0,Contiguous
7.119140625,0.0,0.0,0.2007421875,0.21697916666666667,0.5,0.5,1.0,Contiguous
3.8271484375,0.0,0.0,0.2007421875,0.21697916666666667,0.5,0.5,1.0,Contiguous
3.0,0.0,0.0,0.2007421875,0.21697916666666667,0.5,0.5,1.0,Contiguous
5.8203125,0.0,0.0,0.2007421875,0.21697916666666667,0.5,0.5,1.0,Contiguous
5.994140625,0.03,0.33333333333333337,0.2052392074742268,0.21644155844155843,0.5,0.5,0.97,Contiguous
1.0361328125,0.03,0.33333333333333337,0.2052392074742268,0.21644155844155843,0.5,0.5,0.97,Linked
1.2451171875,0.02,0.5,0.20899433992346939,0.21596899224806201,0.5,0.5,0.98,Linked
6.4560546875,0.0,0.0,0.21236328125,0.21541237113402062,0.52,0.48,1.0,Contiguous
6.994140625,0.0,0.0,0.21236328125,0.21541237113402062,0.52,0.48,1.0,Contiguous
5.19140625,0.04,0.5,0.22017415364583334,0.21655526992287918,0.52,0.48,0.96,Contiguous
4.9931640625,0.04,0.5,0.22017415364583334,0.21655526992287918,0.52,0.48,0.96,Contiguous
1.4775390625,0.04,0.5,0.22017415364583334,0.21655526992287918,0.52,0.48,0.96,Contiguous
7.48828125,0.02,0.0,0.22101203762755103,0.21600000000000003,0.52,0.48,0.98,Contiguous
6.501953125,0.02,0.0,0.22101203762755103,0.21600000000000003,0.52,0.48,0.98,Contiguous
7.826171875,0.02,0.0,0.22101203762755103,0.21600000000000003,0.52,0.48,0.98,Contiguous
2.80078125,0.02,0.0,0.22101203762755103,0.21600000000000003,0.52,0.48,0.98,Contiguous
3.3125,0.02,0.0,0.22101203762755103,0.21600000000000003,0.52,0.48,0.98,Contiguous
2.201171875,0.03,0.33333333333333337,0.21836742912371135,0.21664961636828642,0.52,0.48,0.97,Linked
2.2939453125,0.02,0.0,0.2164580676020408,0.21702290076335878,0.52,0.48,0.98,Contiguous
3.30078125,0.02,0.0,0.2164580676020408,0.21702290076335878,0.52,0.48,0.98,Contiguous
3.4404296875,0.02,0.0,0.2164580676020408,0.21702290076335878,0.52,0.48,0.98,Contiguous
5.0927734375,0.09,0.6666666666666667,0.22605812156593408,0.2183502538071066,0.5,0.5,0.91,Linked
7.2607421875,0.05,0.4,0.21865748355263157,0.21904040404040404,0.5,0.5,0.95,Contiguous
6.638671875,0.05,0.4,0.21865748355263157,0.21904040404040404,0.5,0.5,0.95,Contiguous
5.408203125,0.05,0.4,0.21865748355263157,0.21904040404040404,0.5,0.5,0.95,Contiguous
4.953125,0.05,0.4,0.21865748355263157,0.21904040404040404,0.5,0.5,0.95,Linked
7.134765625,0.06,0.5,0.21610081449468085,0.21876884422110554,0.5,0.5,0.94,Contiguous
0.7314453125,0.06,0.5,0.21610081449468085,0.21876884422110554,0.5,0.5,0.94,Contiguous
6.5986328125,0.07,0.5714285714285714,0.210948000672043,0.21807500000000002,0.5,0.5,0.93,Linked
3.2177734375,0.0,0.0,0.2001953125,0.21753117206982545,0.52,0.48,1.0,Contiguous
1.951171875,0.0,0.0,0.2001953125,0.21753117206982545,0.52,0.48,1.0,Contiguous
5.0302734375,0.0,0.0,0.2001953125,0.21753117206982545,0.52,0.48,1.0,Contiguous
1.056640625,0.0,0.0,0.2001953125,0.21753117206982545,0.52,0.48,1.0,Contiguous
0.7451171875,0.02,0.0,0.2010821906887755,0.21751243781094526,0.5,0.5,0.98,Contiguous
2.220703125,0.02,0.5,0.1998664700255102,0.2186881188118812,0.5,0.5,0.98,Contiguous
4.12890625,0.02,0.5,0.1998664700255102,0.2186881188118812,0.5,0.5,0.98,Contiguous
3.4599609375,0.02,0.5,0.1998664700255102,0.2186881188118812,0.5,0.5,0.98,Contiguous
3.0947265625,0.02,0.5,0.1998664700255102,0.2186881188118812,0.5,0.5,0.98,Contiguous
5.0400390625,0.02,0.5,0.1998664700255102,0.2186881188118812,0.5,0.5,0.98,Contiguous
7.56640625,0.02,0.5,0.1998664700255102,0.2186881188118812,0.5,0.5,0.98,Contiguous
6.53515625,0.08,0.75,0.21109672214673914,0.22032098765432098,0.5,0.5,0.92,Linked
5.8916015625,0.01,0.0,0.2008660827020202,0.21982758620689655,0.5,0.5,0.99,Contiguous
5.794921875,0.04,0.5,0.200927734375,0.22088452088452087,0.48,0.52,0.96,Contiguous
5.3564453125,0.04,0.5,0.200927734375,0.22088452088452087,0.48,0.52,0.96,Contiguous
2.6845703125,0.04,0.5,0.200927734375,0.22088452088452087,0.48,0.52,0.96,Linked
1.41015625,0.02,0.0,0.1984813456632653,0.22044009779951101,0.48,0.52,0.98,Contiguous
1.38671875,0.0,0.0,0.20041015625,0.21992682926829268,0.5,0.5,1.0,Contiguous
5.244140625,0.05,0.4,0.21046463815789473,0.21990267639902675,0.48,0.52,0.95,Contiguous
5.8369140625,0.05,0.4,0.21046463815789473,0.21990267639902675,0.48,0.52,0.95,Contiguous
2.263671875,0.05,0.4,0.21046463815789473,0.21990267639902675,0.48,0.52,0.95,Linked
5.2939453125,0.02,0.0,0.21153539540816327,0.21936893203883495,0.5,0.5,0.98,Contiguous
2.9111328125,0.03,0.33333333333333337,0.21259866301546393,0.2198547215496368,0.48,0.52,0.97,Linked
6.638671875,0.0,0.0,0.207109375,0.21932367149758455,0.5,0.5,1.0,Contiguous
2.8154296875,0.04,0.5,0.20069376627604166,0.2191566265060241,0.48,0.52,0.96,Linked
0.5615234375,0.01,0.0,0.1964764835858586,0.2186298076923077,0.5,0.5,0.99,Contiguous
3.9443359375,0.0,0.0,0.198896484375,0.21841726618705035,0.5,0.5,1.0,Contiguous
4.759765625,0.02,0.0,0.1979930644132653,0.2189712918660287,0.5,0.5,0.98,Contiguous
4.501953125,0.02,0.0,0.1979930644132653,0.2189712918660287,0.5,0.5,0.98,Contiguous
5.84375,0.02,0.0,0.1979930644132653,0.2189712918660287,0.5,0.5,0.98,Contiguous
1.076171875,0.02,0.0,0.1979930644132653,0.2189712918660287,0.5,0.5,0.98,Contiguous
6.435546875,0.0,0.0,0.203271484375,0.21844868735083534,0.52,0.48,1.0,Contiguous
4.177734375,0.04,0.5,0.21073404947916666,0.2184761904761905,0.5,0.5,0.96,Contiguous
7.396484375,0.04,0.5,0.21073404947916666,0.2184761904761905,0.5,0.5,0.96,Contiguous
3.93359375,0.04,0.5,0.21073404947916666,0.2184761904761905,0.5,0.5,0.96,Linked
6.17578125,0.0,0.0,0.20296875,0.21795724465558194,0.5,0.5,1.0,Contiguous
2.8154296875,0.0,0.0,0.20296875,0.21795724465558194,0.5,0.5,1.0,Contiguous
3.09765625,0.03,0.33333333333333337,0.19115455863402062,0.21864928909952608,0.48,0.52,0.97,Contiguous
4.1806640625,0.1,0.8,0.2008572048611111,0.21822695035460993,0.48,0.52,0.9,Indexed
7.857421875,0.04,0.75,0.20725504557291666,0.2178066037735849,0.48,0.52,0.96,Contiguous
3.9931640625,0.04,0.75,0.20725504557291666,0.2178066037735849,0.48,0.52,0.96,Linked
2.4462890625,0.0,0.0,0.199033203125,0.21809411764705883,0.5,0.5,1.0,Contiguous
3.703125,0.0,0.0,0.199033203125,0.21809411764705883,0.5,0.5,1.0,Contiguous
3.666015625,0.0,0.0,0.199033203125,0.21809411764705883,0.5,0.5,1.0,Contiguous
6.4658203125,0.0,0.0,0.199033203125,0.21809411764705883,0.5,0.5,1.0,Contiguous
3.1640625,0.0,0.0,0.199033203125,0.21809411764705883,0.5,0.5,1.0,Contiguous
1.1103515625,0.0,0.0,0.199033203125,0.21809411764705883,0.5,0.5,1.0,Contiguous
1.412109375,0.0,0.0,0.199033203125,0.21809411764705883,0.5,0.5,1.0,Contiguous
2.05078125,0.0,0.0,0.199033203125,0.21809411764705883,0.5,0.5,1.0,Contiguous
3.294921875,0.0,0.0,0.199033203125,0.21809411764705883,0.5,0.5,1.0,Contiguous
7.05078125,0.0,0.0,0.199033203125,0.21809411764705883,0.5,0.5,1.0,Contiguous
1.6806640625,0.0,0.0,0.199033203125,0.21809411764705883,0.5,0.5,1.0,Contiguous
2.546875,0.02,0.0,0.20211854272959184,0.21805164319248826,0.48,0.52,0.98,Contiguous
1.72265625,0.04,0.5,0.20018513997395834,0.21847775175644027,0.46,0.54,0.96,Contiguous
5.7431640625,0.02,0.0,0.19892976721938777,0.2189018691588785,0.48,0.52,0.98,Contiguous
5.5234375,0.06,0.6666666666666667,0.20668841422872342,0.21846153846153846,0.48,0.52,0.94,Linked
6.53515625,0.0,0.0,0.199052734375,0.21795348837209302,0.48,0.52,1.0,Contiguous
5.1357421875,0.0,0.0,0.199052734375,0.21795348837209302,0.48,0.52,1.0,Contiguous
7.892578125,0.0,0.0,0.199052734375,0.21795348837209302,0.48,0.52,1.0,Contiguous
5.6435546875,0.0,0.0,0.199052734375,0.21795348837209302,0.48,0.52,1.0,Contiguous
5.49609375,0.0,0.0,0.199052734375,0.21795348837209302,0.48,0.52,1.0,Contiguous
5.517578125,0.0,0.0,0.199052734375,0.21795348837209302,0.48,0.52,1.0,Contiguous
4.017578125,0.0,0.0,0.199052734375,0.21795348837209302,0.48,0.52,1.0,Contiguous
5.55078125,0.06,0.6666666666666667,0.20210688164893617,0.21858468677494197,0.48,0.52,0.94,Linked
2.697265625,0.0,0.0,0.19447265625,0.2180787037037037,0.48,0.52,1.0,Contiguous
3.3154296875,0.0,0.0,0.19447265625,0.2180787037037037,0.48,0.52,1.0,Contiguous
2.982421875,0.0,0.0,0.19447265625,0.2180787037037037,0.48,0.52,1.0,Contiguous
0.80078125,0.0,0.0,0.19447265625,0.2180787037037037,0.48,0.52,1.0,Contiguous
2.7958984375,0.06,0.6666666666666667,0.20181599069148937,0.2187066974595843,0.48,0.52,0.94,Indexed
7.341796875,0.06,0.6666666666666667,0.20181599069148937,0.21770114942528734,0.48,0.52,0.94,Contiguous
4.5556640625,0.09,0.7777777777777778,0.2074927026098901,0.2176605504587156,0.46,0.54,0.91,Indexed
5.142578125,0.03,0.33333333333333337,0.2095481636597938,0.21716247139588102,0.48,0.52,0.97,Contiguous
6.833984375,0.03,0.33333333333333337,0.2095481636597938,0.21716247139588102,0.48,0.52,0.97,Contiguous
0.828125,0.03,0.33333333333333337,0.2095481636597938,0.21716247139588102,0.48,0.52,0.97,Contiguous
6.978515625,0.02,0.0,0.20916374362244897,0.21794520547945204,0.48,0.52,0.98,Contiguous
2.005859375,0.02,0.0,0.20916374362244897,0.21794520547945204,0.48,0.52,0.98,Contiguous
4.3046875,0.02,0.0,0.20916374362244897,0.21794520547945204,0.48,0.52,0.98,Contiguous
0.994140625,0.02,0.0,0.20916374362244897,0.21794520547945204,0.48,0.52,0.98,Contiguous
6.9873046875,0.01,0.0,0.20711016414141414,0.21760820045558088,0.5,0.5,0.99,Contiguous
3.2470703125,0.01,0.0,0.20711016414141414,0.21760820045558088,0.5,0.5,0.99,Contiguous
1.173828125,0.01,0.0,0.20711016414141414,0.21760820045558088,0.5,0.5,0.99,Contiguous
1.8798828125,0.01,0.0,0.20711016414141414,0.21760820045558088,0.5,0.5,0.99,Contiguous
4.001953125,0.07,0.7142857142857143,0.20090935819892472,0.21925,0.48,0.52,0.93,Indexed
4.6923828125,0.01,0.0,0.20891532512626262,0.21875283446712018,0.5,0.5,0.99,Contiguous
1.76953125,0.01,0.0,0.20891532512626262,0.21875283446712018,0.5,0.5,0.99,Contiguous
7.8427734375,0.01,0.0,0.20891532512626262,0.21875283446712018,0.5,0.5,0.99,Contiguous
6.6953125,0.04,0.5,0.207122802734375,0.21866515837104072,0.48,0.52,0.96,Contiguous
5.2822265625,0.04,0.5,0.207122802734375,0.21866515837104072,0.48,0.52,0.96,Contiguous
5.677734375,0.06,0.6666666666666667,0.20170171210106383,0.21943566591422123,0.48,0.52,0.94,Linked
3.13671875,0.0,0.0,0.192822265625,0.2202027027027027,0.5,0.5,1.0,Contiguous
3.591796875,0.02,0.0,0.1939273756377551,0.22051685393258427,0.48,0.52,0.98,Contiguous
7.3125,0.03,0.33333333333333337,0.19415471971649484,0.22076233183856503,0.48,0.52,0.97,Contiguous
7.75,0.03,0.33333333333333337,0.19415471971649484,0.22076233183856503,0.48,0.52,0.97,Contiguous
1.7021484375,0.03,0.33333333333333337,0.19415471971649484,0.22076233183856503,0.48,0.52,0.97,Contiguous
5.1611328125,0.01,0.0,0.19324100378787878,0.22100671140939596,0.48,0.52,0.99,Contiguous
7.8330078125,0.01,0.0,0.19324100378787878,0.22100671140939596,0.48,0.52,0.99,Contiguous
5.748046875,0.01,0.0,0.19324100378787878,0.22100671140939596,0.48,0.52,0.99,Contiguous
3.634765625,0.01,0.0,0.19324100378787878,0.22100671140939596,0.48,0.52,0.99,Contiguous
1.177734375,0.07,0.7142857142857143,0.19017767137096775,0.22102678571428572,0.48,0.52,0.93,Indexed
3.5126953125,0.04,0.5,0.203216552734375,0.22053452115812916,0.48,0.52,0.96,Linked
3.126953125,0.0,0.0,0.1999609375,0.2207111111111111,0.5,0.5,1.0,Contiguous
5.8603515625,0.0,0.0,0.1999609375,0.2207111111111111,0.5,0.5,1.0,Contiguous
6.41015625,0.0,0.0,0.1999609375,0.2207111111111111,0.5,0.5,1.0,Contiguous
7.798828125,0.0,0.0,0.1999609375,0.2207111111111111,0.5,0.5,1.0,Contiguous
5.66796875,0.0,0.0,0.1999609375,0.2207111111111111,0.5,0.5,1.0,Contiguous
4.5673828125,0.0,0.0,0.1999609375,0.2207111111111111,0.5,0.5,1.0,Contiguous
3.400390625,0.0,0.0,0.1999609375,0.2207111111111111,0.5,0.5,1.0,Contiguous
2.212890625,0.0,0.0,0.1999609375,0.2207111111111111,0.5,0.5,1.0,Contiguous
6.62890625,0.0,0.0,0.1999609375,0.2207111111111111,0.5,0.5,1.0,Contiguous
2.3115234375,0.0,0.0,0.1999609375,0.2207111111111111,0.5,0.5,1.0,Contiguous
1.7392578125,0.0,0.0,0.1999609375,0.2207111111111111,0.5,0.5,1.0,Contiguous
6.8046875,0.04,0.5,0.203216552734375,0.2202217294900222,0.48,0.52,0.96,Contiguous
4.8173828125,0.1,0.7,0.21318359375,0.22068584070796463,0.48,0.52,0.9,Indexed
7.5693359375,0.04,0.5,0.21217854817708334,0.22019867549668873,0.48,0.52,0.96,Contiguous
5.794921875,0.04,0.5,0.21217854817708334,0.22019867549668873,0.48,0.52,0.96,Contiguous
6.6298828125,0.04,0.5,0.21217854817708334,0.22019867549668873,0.48,0.52,0.96,Contiguous
5.27734375,0.04,0.5,0.21217854817708334,0.22019867549668873,0.48,0.52,0.96,Contiguous
1.7978515625,0.04,0.5,0.21217854817708334,0.22019867549668873,0.48,0.52,0.96,Indexed
6.66796875,0.02,0.0,0.2200554049744898,0.2209010989010989,0.5,0.5,0.98,Contiguous
7.720703125,0.02,0.0,0.2200554049744898,0.2209010989010989,0.5,0.5,0.98,Contiguous
0.8486328125,0.09,0.6666666666666667,0.2325721153846154,0.2219517543859649,0.48,0.52,0.91,Contiguous
5.91015625,0.08,0.625,0.231689453125,0.22146608315098468,0.5,0.5,0.92,Indexed
4.052734375,0.01,0.0,0.2263158933080808,0.22170305676855898,0.5,0.5,0.99,Contiguous
6.5185546875,0.01,0.0,0.2263158933080808,0.22170305676855898,0.5,0.5,0.99,Contiguous
4.0908203125,0.01,0.0,0.2263158933080808,0.22170305676855898,0.5,0.5,0.99,Contiguous
2.9755859375,0.03,0.33333333333333337,0.22623026739690721,0.22204793028322442,0.5,0.5,0.97,Linked
6.7744140625,0.0,0.0,0.2196875,0.22156521739130436,0.5,0.5,1.0,Contiguous
7.1806640625,0.0,0.0,0.2196875,0.22156521739130436,0.5,0.5,1.0,Contiguous
5.0625,0.02,0.0,0.2211316167091837,0.22184381778741866,0.5,0.5,0.98,Contiguous
4.193359375,0.02,0.0,0.2211316167091837,0.22184381778741866,0.5,0.5,0.98,Contiguous
6.724609375,0.02,0.0,0.2211316167091837,0.22184381778741866,0.5,0.5,0.98,Contiguous
4.71875,0.02,0.0,0.2211316167091837,0.22184381778741866,0.5,0.5,0.98,Contiguous
1.7958984375,0.02,0.0,0.2211316167091837,0.22184381778741866,0.5,0.5,0.98,Contiguous
6.9091796875,0.0,0.0,0.21875,0.22136363636363637,0.5,0.5,1.0,Contiguous
7.4833984375,0.0,0.0,0.21875,0.22136363636363637,0.5,0.5,1.0,Contiguous
4.34375,0.06,0.6666666666666667,0.21145694813829788,0.22205183585313176,0.5,0.5,0.94,Linked
4.935546875,0.01,0.0,0.20740609217171718,0.22157327586206896,0.5,0.5,0.99,Contiguous
6.1904296875,0.01,0.0,0.20740609217171718,0.22157327586206896,0.5,0.5,0.99,Contiguous
7.30859375,0.01,0.0,0.20740609217171718,0.22157327586206896,0.5,0.5,0.99,Contiguous
6.6044921875,0.09,0.4444444444444444,0.20423033997252749,0.22126881720430105,0.5,0.5,0.91,Indexed
7.7421875,0.04,0.75,0.20045979817708334,0.22171306209850108,0.48,0.52,0.96,Contiguous
7.1474609375,0.04,0.75,0.20045979817708334,0.22171306209850108,0.48,0.52,0.96,Contiguous
7.783203125,0.04,0.75,0.20045979817708334,0.22171306209850108,0.48,0.52,0.96,Contiguous
7.576171875,0.07,0.7142857142857143,0.20494161626344087,0.22245726495726495,0.48,0.52,0.93,Contiguous
0.712890625,0.07,0.7142857142857143,0.20494161626344087,0.22245726495726495,0.48,0.52,0.93,Indexed
3.6708984375,0.05,0.8,0.21417557565789475,0.2219829424307036,0.48,0.52,0.95,Linked
2.3857421875,0.01,0.0,0.20884627525252525,0.22176595744680852,0.5,0.5,0.99,Contiguous
1.15234375,0.01,0.0,0.20884627525252525,0.22176595744680852,0.5,0.5,0.99,Contiguous
0.724609375,0.01,0.0,0.20884627525252525,0.22176595744680852,0.5,0.5,0.99,Contiguous
1.2919921875,0.0,0.0,0.20951171875,0.2225053078556263,0.5,0.5,1.0,Contiguous
5.69921875,0.0,0.0,0.20951171875,0.2225053078556263,0.5,0.5,1.0,Contiguous
1.66796875,0.0,0.0,0.20951171875,0.2225053078556263,0.5,0.5,1.0,Contiguous
7.8388671875,0.02,0.5,0.20608458227040816,0.22385593220338984,0.5,0.5,0.98,Contiguous
6.068359375,0.02,0.5,0.20608458227040816,0.22385593220338984,0.5,0.5,0.98,Contiguous
6.5703125,0.02,0.5,0.20608458227040816,0.22385593220338984,0.5,0.5,0.98,Contiguous
4.087890625,0.02,0.5,0.20608458227040816,0.22385593220338984,0.5,0.5,0.98,Contiguous
7.74609375,0.02,0.5,0.20608458227040816,0.22385593220338984,0.5,0.5,0.98,Contiguous
2.224609375,0.08,0.625,0.21238111413043478,0.2239323467230444,0.5,0.5,0.92,Indexed
4.8896484375,0.04,0.25,0.22202555338541666,0.22400843881856541,0.5,0.5,0.96,Contiguous
5.3701171875,0.04,0.25,0.22202555338541666,0.22400843881856541,0.5,0.5,0.96,Contiguous
1.388671875,0.04,0.25,0.22202555338541666,0.22400843881856541,0.5,0.5,0.96,Indexed
2.400390625,0.01,0.0,0.23157354797979798,0.22528421052631578,0.5,0.5,0.99,Contiguous
0.8818359375,0.01,0.0,0.23157354797979798,0.22528421052631578,0.5,0.5,0.99,Contiguous
6.8505859375,0.03,0.33333333333333337,0.23731475515463918,0.2259538784067086,0.52,0.48,0.97,Contiguous
1.001953125,0.03,0.33333333333333337,0.23731475515463918,0.2259538784067086,0.52,0.48,0.97,Contiguous
4.498046875,0.02,0.5,0.24387157206632654,0.22647181628392485,0.52,0.48,0.98,Contiguous
0.630859375,0.02,0.5,0.24387157206632654,0.22647181628392485,0.52,0.48,0.98,Contiguous
5.099609375,0.01,0.0,0.24513691603535354,0.226,0.52,0.48,0.99,Contiguous
2.830078125,0.04,0.75,0.2513427734375,0.2262162162162162,0.52,0.48,0.96,Linked
5.41796875,0.01,0.0,0.24544270833333334,0.22574688796680498,0.52,0.48,0.99,Contiguous
5.064453125,0.01,0.0,0.24544270833333334,0.22574688796680498,0.52,0.48,0.99,Contiguous
5.814453125,0.01,0.0,0.24544270833333334,0.22574688796680498,0.52,0.48,0.99,Contiguous
4.6875,0.01,0.0,0.24544270833333334,0.22574688796680498,0.52,0.48,0.99,Contiguous
1.041015625,0.01,0.0,0.24544270833333334,0.22574688796680498,0.52,0.48,0.99,Contiguous
4.8525390625,0.01,0.0,0.24544270833333334,0.22574688796680498,0.52,0.48,0.99,Contiguous
4.560546875,0.01,0.0,0.24544270833333334,0.22574688796680498,0.52,0.48,0.99,Contiguous
3.623046875,0.01,0.0,0.24544270833333334,0.22574688796680498,0.52,0.48,0.99,Contiguous
0.84765625,0.01,0.0,0.24544270833333334,0.22574688796680498,0.52,0.48,0.99,Contiguous
3.486328125,0.0,0.0,0.24451171875,0.22614906832298134,0.54,0.46,1.0,Contiguous
3.3564453125,0.05,0.6,0.2484888980263158,0.22675619834710745,0.52,0.48,0.95,Linked
3.2578125,0.01,0.0,0.24494949494949494,0.22628865979381443,0.54,0.46,0.99,Contiguous
5.525390625,0.03,0.33333333333333337,0.236730831185567,0.22644032921810697,0.54,0.46,0.97,Contiguous
6.380859375,0.05,0.6,0.23956620065789475,0.22675564681724847,0.52,0.48,0.95,Contiguous
1.56640625,0.05,0.6,0.23956620065789475,0.22675564681724847,0.52,0.48,0.95,Contiguous
3.2080078125,0.1,0.7,0.24558376736111112,0.22744376278118608,0.5,0.5,0.9,Indexed
1.900390625,0.05,0.6,0.2515213815789474,0.22704081632653061,0.52,0.48,0.95,Linked
5.9765625,0.03,0.33333333333333337,0.24736227448453607,0.22692464358452138,0.52,0.48,0.97,Contiguous
6.0625,0.03,0.33333333333333337,0.24736227448453607,0.22692464358452138,0.52,0.48,0.97,Contiguous
1.9580078125,0.03,0.33333333333333337,0.24736227448453607,0.22692464358452138,0.52,0.48,0.97,Contiguous
0.849609375,0.07,0.7142857142857143,0.2536227318548387,0.22833671399594319,0.54,0.46,0.93,Indexed
4.623046875,0.06,0.6666666666666667,0.2602331283244681,0.2290909090909091,0.54,0.46,0.94,Linked
2.7880859375,0.04,0.75,0.23975626627604166,0.22925553319919514,0.54,0.46,0.96,Linked
2.685546875,0.02,0.5,0.23325892857142858,0.22949899799599197,0.54,0.46,0.98,Contiguous
3.9951171875,0.06,0.8333333333333334,0.24311211768617022,0.23013999999999998,0.52,0.48,0.94,Indexed
6.4462890625,0.01,0.0,0.24098405934343434,0.22968063872255487,0.54,0.46,0.99,Contiguous
3.5927734375,0.01,0.0,0.24098405934343434,0.22968063872255487,0.54,0.46,0.99,Contiguous
1.994140625,0.01,0.0,0.24098405934343434,0.22968063872255487,0.54,0.46,0.99,Contiguous
4.4794921875,0.01,0.0,0.24098405934343434,0.22968063872255487,0.54,0.46,0.99,Contiguous
6.8779296875,0.01,0.0,0.24098405934343434,0.22968063872255487,0.54,0.46,0.99,Contiguous
6.9091796875,0.01,0.0,0.24098405934343434,0.22968063872255487,0.54,0.46,0.99,Contiguous
1.130859375,0.02,0.5,0.24189851721938777,0.22942231075697211,0.54,0.46,0.98,Linked
7.078125,0.0,0.0,0.245751953125,0.22896620278330018,0.54,0.46,1.0,Contiguous
3.0693359375,0.03,0.33333333333333337,0.25010067654639173,0.2294047619047619,0.52,0.48,0.97,Contiguous
5.787109375,0.09,0.7777777777777778,0.25359503777472525,0.22996039603960397,0.52,0.48,0.91,Linked
5.3203125,0.07,0.5714285714285714,0.2313403057795699,0.22942800788954634,0.52,0.48,0.93,Linked
1.8330078125,0.01,0.0,0.22418521148989898,0.22897637795275588,0.52,0.48,0.99,Contiguous
3.3115234375,0.01,0.0,0.22418521148989898,0.22897637795275588,0.52,0.48,0.99,Contiguous
6.314453125,0.01,0.0,0.22418521148989898,0.22897637795275588,0.52,0.48,0.99,Contiguous
3.3203125,0.01,0.0,0.22418521148989898,0.22897637795275588,0.52,0.48,0.99,Contiguous
3.9794921875,0.01,0.0,0.22418521148989898,0.22897637795275588,0.52,0.48,0.99,Contiguous
0.9580078125,0.04,0.75,0.22898356119791666,0.22915520628683694,0.52,0.48,0.96,Indexed
3.7490234375,0.07,0.4285714285714286,0.22830561155913978,0.22870841487279844,0.52,0.48,0.93,Linked
6.908203125,0.03,0.33333333333333337,0.22147833440721648,0.22826171875,0.52,0.48,0.97,Contiguous
1.779296875,0.03,0.33333333333333337,0.22147833440721648,0.22826171875,0.52,0.48,0.97,Contiguous
1.6416015625,0.01,0.0,0.21923334911616163,0.22791423001949318,0.54,0.46,0.99,Contiguous
5.923828125,0.01,0.0,0.21923334911616163,0.22791423001949318,0.54,0.46,0.99,Contiguous
0.7783203125,0.01,0.0,0.21923334911616163,0.22791423001949318,0.54,0.46,0.99,Contiguous
6.7275390625,0.02,0.0,0.21354830994897958,0.229126213592233,0.54,0.46,0.98,Contiguous
3.396484375,0.02,0.0,0.21354830994897958,0.229126213592233,0.54,0.46,0.98,Contiguous
5.037109375,0.02,0.0,0.21354830994897958,0.229126213592233,0.54,0.46,0.98,Contiguous
5.931640625,0.07,0.7142857142857143,0.20745127688172044,0.2289922480620155,0.52,0.48,0.93,Linked
3.466796875,0.01,0.0,0.19556897095959597,0.2288588007736944,0.54,0.46,0.99,Contiguous
6.6044921875,0.01,0.0,0.19556897095959597,0.2288588007736944,0.54,0.46,0.99,Contiguous
4.7353515625,0.03,0.33333333333333337,0.19312781894329897,0.22853281853281854,0.54,0.46,0.97,Contiguous
3.0146484375,0.03,0.33333333333333337,0.19312781894329897,0.22853281853281854,0.54,0.46,0.97,Contiguous
2.49609375,0.03,0.33333333333333337,0.19312781894329897,0.22853281853281854,0.54,0.46,0.97,Linked
0.70703125,0.0,0.0,0.192373046875,0.22809248554913297,0.54,0.46,1.0,Contiguous
4.4921875,0.0,0.0,0.192373046875,0.22809248554913297,0.54,0.46,1.0,Contiguous
7.8076171875,0.0,0.0,0.192373046875,0.22809248554913297,0.54,0.46,1.0,Contiguous
2.59375,0.0,0.0,0.192373046875,0.22809248554913297,0.54,0.46,1.0,Contiguous
6.1318359375,0.0,0.0,0.192373046875,0.22809248554913297,0.54,0.46,1.0,Contiguous
5.39453125,0.0,0.0,0.192373046875,0.22809248554913297,0.54,0.46,1.0,Contiguous
4.4287109375,0.06,0.6666666666666667,0.20392495013297873,0.22776923076923075,0.52,0.48,0.94,Linked
7.322265625,0.03,0.0,0.19812137564432988,0.22777777777777777,0.52,0.48,0.97,Contiguous
7.6884765625,0.04,0.25,0.19753011067708334,0.22852772466539195,0.52,0.48,0.96,Contiguous
1.2021484375,0.04,0.25,0.19753011067708334,0.22852772466539195,0.52,0.48,0.96,Linked
7.263671875,0.02,0.0,0.20164022640306123,0.22809160305343512,0.52,0.48,0.98,Contiguous
5.841796875,0.02,0.0,0.20164022640306123,0.22809160305343512,0.52,0.48,0.98,Contiguous
1.0185546875,0.02,0.0,0.20164022640306123,0.22809160305343512,0.52,0.48,0.98,Contiguous
2.822265625,0.0,0.0,0.207421875,0.22883809523809526,0.52,0.48,1.0,Contiguous
7.310546875,0.0,0.0,0.207421875,0.22883809523809526,0.52,0.48,1.0,Contiguous
7.91796875,0.06,0.5,0.21343085106382978,0.22965779467680608,0.5,0.5,0.94,Contiguous
1.892578125,0.06,0.5,0.21343085106382978,0.22965779467680608,0.5,0.5,0.94,Indexed
4.5693359375,0.03,0.33333333333333337,0.21824661726804123,0.22922201138519924,0.52,0.48,0.97,Contiguous
6.8359375,0.06,0.5,0.21242312167553193,0.2303219696969697,0.5,0.5,0.94,Contiguous
4.4521484375,0.09,0.6666666666666667,0.2138886504120879,0.23115311909262762,0.5,0.5,0.91,Indexed
5.078125,0.08,0.625,0.22429093070652173,0.23120527306967986,0.5,0.5,0.92,Linked
6.9287109375,0.02,0.0,0.2199657206632653,0.23077067669172935,0.5,0.5,0.98,Contiguous
1.5380859375,0.02,0.0,0.2199657206632653,0.23077067669172935,0.5,0.5,0.98,Contiguous
1.189453125,0.0,0.0,0.220185546875,0.23078799249530957,0.5,0.5,1.0,Contiguous
6.2353515625,0.04,0.5,0.22265625,0.23110486891385768,0.5,0.5,0.96,Contiguous
4.705078125,0.04,0.5,0.22265625,0.23110486891385768,0.5,0.5,0.96,Contiguous
3.775390625,0.04,0.5,0.22265625,0.23110486891385768,0.5,0.5,0.96,Linked
1.08984375,0.0,0.0,0.21599609375,0.23067289719626166,0.5,0.5,1.0,Contiguous
5.638671875,0.03,0.6666666666666667,0.22092461340206185,0.23042910447761195,0.5,0.5,0.97,Contiguous
5.9404296875,0.05,0.8,0.21346628289473685,0.2310055865921788,0.5,0.5,0.95,Contiguous
1.5263671875,0.05,0.8,0.21346628289473685,0.2310055865921788,0.5,0.5,0.95,Indexed
6.7412109375,0.02,0.5,0.22196867028061223,0.23057620817843866,0.5,0.5,0.98,Contiguous
5.2021484375,0.02,0.5,0.22196867028061223,0.23057620817843866,0.5,0.5,0.98,Contiguous
3.9609375,0.03,0.6666666666666667,0.22148840206185566,0.23085343228200372,0.5,0.5,0.97,Contiguous
7.4453125,0.03,0.6666666666666667,0.22148840206185566,0.23085343228200372,0.5,0.5,0.97,Contiguous
4.64453125,0.05,0.6,0.22178248355263158,0.23057407407407407,0.48,0.52,0.95,Linked
1.794921875,0.08,0.375,0.21770974864130435,0.23016605166051662,0.46,0.54,0.92,Contiguous
6.173828125,0.06,0.5,0.2152593085106383,0.22974217311233885,0.48,0.52,0.94,Contiguous
7.6591796875,0.08,0.625,0.21753991168478262,0.2302573529411765,0.46,0.54,0.92,Linked
2.50390625,0.06,0.33333333333333337,0.20392495013297873,0.23087912087912088,0.46,0.54,0.94,Indexed
2.6953125,0.04,0.5,0.20694986979166666,0.23072992700729927,0.46,0.54,0.96,Linked
5.4150390625,0.03,0.33333333333333337,0.2075245650773196,0.23154545454545455,0.48,0.52,0.97,Contiguous
4.5205078125,0.03,0.33333333333333337,0.2075245650773196,0.23154545454545455,0.48,0.52,0.97,Contiguous
5.234375,0.03,0.33333333333333337,0.2075245650773196,0.23154545454545455,0.48,0.52,0.97,Contiguous
1.7333984375,0.03,0.33333333333333337,0.2075245650773196,0.23154545454545455,0.48,0.52,0.97,Contiguous
6.2646484375,0.07,0.5714285714285714,0.20940440188172044,0.23128623188405797,0.48,0.52,0.93,Linked
3.2001953125,0.0,0.0,0.202099609375,0.23086799276672693,0.48,0.52,1.0,Contiguous
5.0087890625,0.0,0.0,0.202099609375,0.23086799276672693,0.48,0.52,1.0,Contiguous
0.7265625,0.02,0.0,0.20350366709183673,0.231028880866426,0.48,0.52,0.98,Contiguous
6.66796875,0.05,0.6,0.2104440789473684,0.2310611510791367,0.48,0.52,0.95,Contiguous
5.708984375,0.05,0.6,0.2104440789473684,0.2310611510791367,0.48,0.52,0.95,Contiguous
3.83203125,0.11,0.8181818181818181,0.20723972963483145,0.2312387791741472,0.48,0.52,0.89,Indexed
0.7421875,0.06,0.6666666666666667,0.20864153922872342,0.23082437275985662,0.48,0.52,0.94,Indexed
5.5166015625,0.04,0.5,0.21739705403645834,0.2313953488372093,0.5,0.5,0.96,Contiguous
5.634765625,0.04,0.5,0.21739705403645834,0.2313953488372093,0.5,0.5,0.96,Contiguous
4.36328125,0.04,0.5,0.21739705403645834,0.2313953488372093,0.5,0.5,0.96,Contiguous
5.9794921875,0.11,0.7272727272727273,0.22623332162921347,0.23108928571428572,0.48,0.52,0.89,Indexed
4.1279296875,0.04,0.5,0.220367431640625,0.23067736185383242,0.5,0.5,0.96,Contiguous
1.763671875,0.06,0.6666666666666667,0.20978432513297873,0.23128113879003556,0.48,0.52,0.94,Indexed
4.373046875,0.03,0.33333333333333337,0.21604180090206185,0.23087033747779753,0.48,0.52,0.97,Contiguous
3.220703125,0.03,0.33333333333333337,0.21604180090206185,0.23087033747779753,0.48,0.52,0.97,Contiguous
3.0,0.03,0.33333333333333337,0.21604180090206185,0.23087033747779753,0.48,0.52,0.97,Linked
3.0537109375,0.0,0.0,0.209560546875,0.23200354609929077,0.48,0.52,1.0,Contiguous
7.3857421875,0.0,0.0,0.209560546875,0.23200354609929077,0.48,0.52,1.0,Contiguous
3.689453125,0.0,0.0,0.209560546875,0.23200354609929077,0.48,0.52,1.0,Contiguous
4.619140625,0.02,0.5,0.2032047193877551,0.23267256637168143,0.48,0.52,0.98,Contiguous
3.052734375,0.02,0.5,0.2032047193877551,0.23267256637168143,0.48,0.52,0.98,Contiguous
2.6396484375,0.06,0.6666666666666667,0.20835064827127658,0.23231448763250884,0.48,0.52,0.94,Indexed
1.626953125,0.02,0.5,0.21372767857142858,0.2319047619047619,0.48,0.52,0.98,Linked
3.572265625,0.06,0.6666666666666667,0.22452626329787234,0.23284710017574692,0.48,0.52,0.94,Linked
3.8447265625,0.02,0.0,0.2197265625,0.23243859649122808,0.5,0.5,0.98,Contiguous
7.7177734375,0.06,0.6666666666666667,0.21460480385638298,0.23220665499124343,0.48,0.52,0.94,Contiguous
7.9697265625,0.07,0.7142857142857143,0.2145287298387097,0.23293706293706293,0.48,0.52,0.93,Contiguous
3.0009765625,0.07,0.7142857142857143,0.2145287298387097,0.23293706293706293,0.48,0.52,0.93,Linked
4.4853515625,0.05,0.6,0.2159642269736842,0.23346689895470385,0.48,0.52,0.95,Linked
4.234375,0.0,0.0,0.2103125,0.23306086956521738,0.48,0.52,1.0,Contiguous
2.9677734375,0.0,0.0,0.2103125,0.23306086956521738,0.48,0.52,1.0,Contiguous
1.2197265625,0.0,0.0,0.2103125,0.23306086956521738,0.48,0.52,1.0,Contiguous
4.54296875,0.0,0.0,0.2103125,0.23306086956521738,0.48,0.52,1.0,Contiguous
2.42578125,0.0,0.0,0.2103125,0.23306086956521738,0.48,0.52,1.0,Contiguous
0.888671875,0.03,0.33333333333333337,0.2054002899484536,0.2329513888888889,0.48,0.52,0.97,Contiguous
5.279296875,0.1,0.7,0.21882595486111112,0.2323356401384083,0.48,0.52,0.9,Indexed
5.7333984375,0.03,0.33333333333333337,0.22077359858247422,0.23193436960276337,0.5,0.5,0.97,Contiguous
2.78515625,0.03,0.33333333333333337,0.22077359858247422,0.23193436960276337,0.5,0.5,0.97,Linked
7.27734375,0.0,0.0,0.216298828125,0.23213793103448274,0.5,0.5,1.0,Contiguous
7.5595703125,0.01,0.0,0.21694483901515152,0.23265060240963856,0.5,0.5,0.99,Contiguous
6.6103515625,0.04,0.75,0.2083740234375,0.2339003436426117,0.48,0.52,0.96,Contiguous
0.861328125,0.04,0.75,0.2083740234375,0.2339003436426117,0.48,0.52,0.96,Indexed
5.0615234375,0.02,0.5,0.2157405931122449,0.23349914236706687,0.48,0.52,0.98,Contiguous
3.3994140625,0.02,0.5,0.2157405931122449,0.23349914236706687,0.48,0.52,0.98,Contiguous
1.087890625,0.02,0.5,0.2157405931122449,0.23349914236706687,0.48,0.52,0.98,Linked
4.1025390625,0.0,0.0,0.220546875,0.23402397260273972,0.5,0.5,1.0,Contiguous
2.7373046875,0.0,0.0,0.220546875,0.23402397260273972,0.5,0.5,1.0,Contiguous
5.4853515625,0.0,0.0,0.220546875,0.23402397260273972,0.5,0.5,1.0,Contiguous
1.4501953125,0.0,0.0,0.220546875,0.23402397260273972,0.5,0.5,1.0,Contiguous
3.650390625,0.03,0.0,0.21075628221649484,0.23406837606837605,0.48,0.52,0.97,Contiguous
3.2119140625,0.03,0.0,0.21075628221649484,0.23406837606837605,0.48,0.52,0.97,Contiguous
3.4248046875,0.03,0.0,0.21075628221649484,0.23406837606837605,0.48,0.52,0.97,Contiguous
2.091796875,0.03,0.0,0.21075628221649484,0.23406837606837605,0.48,0.52,0.97,Contiguous
3.7109375,0.0,0.0,0.213515625,0.23366894197952218,0.5,0.5,1.0,Contiguous
0.8623046875,0.0,0.0,0.213515625,0.23366894197952218,0.5,0.5,1.0,Contiguous
3.1640625,0.04,0.5,0.212005615234375,0.234190800681431,0.5,0.5,0.96,Linked
4.654296875,0.0,0.0,0.211884765625,0.2337925170068027,0.5,0.5,1.0,Contiguous
5.349609375,0.0,0.0,0.211884765625,0.2337925170068027,0.5,0.5,1.0,Contiguous
1.6181640625,0.0,0.0,0.211884765625,0.2337925170068027,0.5,0.5,1.0,Contiguous
5.404296875,0.0,0.0,0.211884765625,0.2337925170068027,0.5,0.5,1.0,Contiguous
3.6435546875,0.0,0.0,0.211884765625,0.2337925170068027,0.5,0.5,1.0,Contiguous
6.4140625,0.0,0.0,0.211884765625,0.2337925170068027,0.5,0.5,1.0,Contiguous
